-- 150 registros de la tabla Sucursal
INSERT INTO Sucursal(IdSucursal,NombreSucursal,Calle,NumeroExterior,NumeroInterior,Colonia,Estado,Telefono) VALUES (1,'Farmacia San Pedro','Carranza',59,86,'Polanco','Sinaloa','+08210716236');
INSERT INTO Sucursal(IdSucursal,NombreSucursal,Calle,NumeroExterior,NumeroInterior,Colonia,Estado,Telefono) VALUES (2,'Farmacia San Antonio','Callejón del Beso',13,3,'La Joya','Yucatán','+94957180491');
INSERT INTO Sucursal(IdSucursal,NombreSucursal,Calle,NumeroExterior,NumeroInterior,Colonia,Estado,Telefono) VALUES (3,'Farmacia San Antonio','Morelos',20,42,'Coyoacan','Chihuahua','+538077455600');
INSERT INTO Sucursal(IdSucursal,NombreSucursal,Calle,NumeroExterior,NumeroInterior,Colonia,Estado,Telefono) VALUES (4,'Farmacia San Pablo','Benito Juárez',86,81,'Lomas de Chapultepec','Zacatecas','+6550102079843');
INSERT INTO Sucursal(IdSucursal,NombreSucursal,Calle,NumeroExterior,NumeroInterior,Colonia,Estado,Telefono) VALUES (5,'Farmacia San Lucas','Benito Juárez',84,62,'La Joya','Aguascalientes','+611441979365');
INSERT INTO Sucursal(IdSucursal,NombreSucursal,Calle,NumeroExterior,NumeroInterior,Colonia,Estado,Telefono) VALUES (6,'Farmacia del Sol','Lázaro Cárdenas',77,65,'Condesa','Hidalgo','+3109828614885');
INSERT INTO Sucursal(IdSucursal,NombreSucursal,Calle,NumeroExterior,NumeroInterior,Colonia,Estado,Telefono) VALUES (7,'Farmacia San Antonio','Galeana',48,72,'Roma Norte','Tlaxcala','+344590195088');
INSERT INTO Sucursal(IdSucursal,NombreSucursal,Calle,NumeroExterior,NumeroInterior,Colonia,Estado,Telefono) VALUES (8,'Farmacia del Sol','Lázaro Cárdenas',86,74,'Cuajimalpa','Baja California','+08769398830');
INSERT INTO Sucursal(IdSucursal,NombreSucursal,Calle,NumeroExterior,NumeroInterior,Colonia,Estado,Telefono) VALUES (9,'Farmacia La Paz','Zaragoza',69,55,'Napoles','Zacatecas','9014093973');
INSERT INTO Sucursal(IdSucursal,NombreSucursal,Calle,NumeroExterior,NumeroInterior,Colonia,Estado,Telefono) VALUES (10,'Farmacia San Pedro','Galeana',27,85,'San Pedro','Coahuila','9255042981');
INSERT INTO Sucursal(IdSucursal,NombreSucursal,Calle,NumeroExterior,NumeroInterior,Colonia,Estado,Telefono) VALUES (11,'Farmacia San Rafael','Callejón del Beso',90,70,'Del Valle','Sinaloa','8223790840');
INSERT INTO Sucursal(IdSucursal,NombreSucursal,Calle,NumeroExterior,NumeroInterior,Colonia,Estado,Telefono) VALUES (12,'Farmacia San Juan','Hidalgo',6,38,'Napoles','Aguascalientes','6478081472');
INSERT INTO Sucursal(IdSucursal,NombreSucursal,Calle,NumeroExterior,NumeroInterior,Colonia,Estado,Telefono) VALUES (13,'Farmacia San Lorenzo','Lázaro Cárdenas',23,48,'Interlomas','Jalisco','7015765922');
INSERT INTO Sucursal(IdSucursal,NombreSucursal,Calle,NumeroExterior,NumeroInterior,Colonia,Estado,Telefono) VALUES (14,'Farmacia San Vicente','Independencia',61,5,'Condesa','Aguascalientes','4844417285');
INSERT INTO Sucursal(IdSucursal,NombreSucursal,Calle,NumeroExterior,NumeroInterior,Colonia,Estado,Telefono) VALUES (15,'Farmacia San Vicente','Benito Juárez',82,60,'Lomas de Chapultepec','Aguascalientes','5285140555');
INSERT INTO Sucursal(IdSucursal,NombreSucursal,Calle,NumeroExterior,NumeroInterior,Colonia,Estado,Telefono) VALUES (16,'Farmacia San Lucas','Morelos',69,39,'Del Valle','Colima','9611067357');
INSERT INTO Sucursal(IdSucursal,NombreSucursal,Calle,NumeroExterior,NumeroInterior,Colonia,Estado,Telefono) VALUES (17,'Farmacia del Sol','Obregón',9,73,'Roma Norte','Veracruz','0643521706');
INSERT INTO Sucursal(IdSucursal,NombreSucursal,Calle,NumeroExterior,NumeroInterior,Colonia,Estado,Telefono) VALUES (18,'Farmacia San Pedro','Madero',19,68,'Interlomas','Michoacán','0597937667');
INSERT INTO Sucursal(IdSucursal,NombreSucursal,Calle,NumeroExterior,NumeroInterior,Colonia,Estado,Telefono) VALUES (19,'Farmacia Guadalajara','Lázaro Cárdenas',56,66,'Coyoacan','Veracruz','+8806823037979');
INSERT INTO Sucursal(IdSucursal,NombreSucursal,Calle,NumeroExterior,NumeroInterior,Colonia,Estado,Telefono) VALUES (20,'Farmacia San Antonio','Independencia',11,8,'Satelite','Querétaro','3720999875');
INSERT INTO Sucursal(IdSucursal,NombreSucursal,Calle,NumeroExterior,NumeroInterior,Colonia,Estado,Telefono) VALUES (21,'Farmacia San Pablo','Carranza',68,83,'Tlalpan','Aguascalientes','+714349351772');
INSERT INTO Sucursal(IdSucursal,NombreSucursal,Calle,NumeroExterior,NumeroInterior,Colonia,Estado,Telefono) VALUES (22,'Farmacia Santa Ana','Madero',38,54,'Napoles','Durango','4634869344');
INSERT INTO Sucursal(IdSucursal,NombreSucursal,Calle,NumeroExterior,NumeroInterior,Colonia,Estado,Telefono) VALUES (23,'Farmacia San José','Callejón del Beso',59,25,'Lomas de Chapultepec','Michoacán','2655697651');
INSERT INTO Sucursal(IdSucursal,NombreSucursal,Calle,NumeroExterior,NumeroInterior,Colonia,Estado,Telefono) VALUES (24,'Farmacia San Miguel','Galeana',65,80,'Lomas de Chapultepec','Querétaro','+421252145009');
INSERT INTO Sucursal(IdSucursal,NombreSucursal,Calle,NumeroExterior,NumeroInterior,Colonia,Estado,Telefono) VALUES (25,'Farmacia San Ignacio','Morelos',42,72,'Interlomas','Zacatecas','9155127129');
INSERT INTO Sucursal(IdSucursal,NombreSucursal,Calle,NumeroExterior,NumeroInterior,Colonia,Estado,Telefono) VALUES (26,'Farmacia San José','Madero',69,22,'Interlomas','Puebla','8761919707');
INSERT INTO Sucursal(IdSucursal,NombreSucursal,Calle,NumeroExterior,NumeroInterior,Colonia,Estado,Telefono) VALUES (27,'Farmacia La Paz','Carranza',62,96,'San Pedro','Nuevo León','6170211183');
INSERT INTO Sucursal(IdSucursal,NombreSucursal,Calle,NumeroExterior,NumeroInterior,Colonia,Estado,Telefono) VALUES (28,'Farmacia La Paz','Hidalgo',2,96,'Condesa','Morelos','2149150917');
INSERT INTO Sucursal(IdSucursal,NombreSucursal,Calle,NumeroExterior,NumeroInterior,Colonia,Estado,Telefono) VALUES (29,'Farmacia San Vicente','Zaragoza',60,12,'Interlomas','Jalisco','6602846907');
INSERT INTO Sucursal(IdSucursal,NombreSucursal,Calle,NumeroExterior,NumeroInterior,Colonia,Estado,Telefono) VALUES (30,'Farmacia San Ignacio','Zaragoza',53,8,'Satelite','Tlaxcala','8519881249');
INSERT INTO Sucursal(IdSucursal,NombreSucursal,Calle,NumeroExterior,NumeroInterior,Colonia,Estado,Telefono) VALUES (31,'Farmacia Guadalajara','Zaragoza',45,92,'Napoles','Guerrero','4813276575');
INSERT INTO Sucursal(IdSucursal,NombreSucursal,Calle,NumeroExterior,NumeroInterior,Colonia,Estado,Telefono) VALUES (32,'Farmacia Guadalajara','Galeana',25,23,'Tlalpan','Oaxaca','+129215665716');
INSERT INTO Sucursal(IdSucursal,NombreSucursal,Calle,NumeroExterior,NumeroInterior,Colonia,Estado,Telefono) VALUES (33,'Farmacia San Pablo','Guerrero',81,96,'San Pedro','Jalisco','7832252064');
INSERT INTO Sucursal(IdSucursal,NombreSucursal,Calle,NumeroExterior,NumeroInterior,Colonia,Estado,Telefono) VALUES (34,'Farmacia del Sol','Carranza',81,9,'Lomas de Chapultepec','Morelos','4628902998');
INSERT INTO Sucursal(IdSucursal,NombreSucursal,Calle,NumeroExterior,NumeroInterior,Colonia,Estado,Telefono) VALUES (35,'Farmacia San José','Zaragoza',58,76,'Polanco','Querétaro','4140870066');
INSERT INTO Sucursal(IdSucursal,NombreSucursal,Calle,NumeroExterior,NumeroInterior,Colonia,Estado,Telefono) VALUES (36,'Farmacia San Pablo','Lázaro Cárdenas',27,76,'Polanco','Durango','+085517579147');
INSERT INTO Sucursal(IdSucursal,NombreSucursal,Calle,NumeroExterior,NumeroInterior,Colonia,Estado,Telefono) VALUES (37,'Farmacia Guadalajara','Callejón del Beso',37,75,'Lomas de Chapultepec','Guanajuato','3136430537');
INSERT INTO Sucursal(IdSucursal,NombreSucursal,Calle,NumeroExterior,NumeroInterior,Colonia,Estado,Telefono) VALUES (38,'Farmacia San Vicente','Madero',8,90,'Condesa','San Luis Potosí','0692315036');
INSERT INTO Sucursal(IdSucursal,NombreSucursal,Calle,NumeroExterior,NumeroInterior,Colonia,Estado,Telefono) VALUES (39,'Farmacia San Pablo','Juárez',13,38,'La Joya','Guanajuato','2839021337');
INSERT INTO Sucursal(IdSucursal,NombreSucursal,Calle,NumeroExterior,NumeroInterior,Colonia,Estado,Telefono) VALUES (40,'Farmacia San Vicente','Callejón del Beso',41,35,'La Joya','Chiapas','+06152511964');
INSERT INTO Sucursal(IdSucursal,NombreSucursal,Calle,NumeroExterior,NumeroInterior,Colonia,Estado,Telefono) VALUES (41,'Farmacia San Juan','Galeana',51,58,'Cuajimalpa','Quintana Roo','1961206960');
INSERT INTO Sucursal(IdSucursal,NombreSucursal,Calle,NumeroExterior,NumeroInterior,Colonia,Estado,Telefono) VALUES (42,'Farmacia San Pablo','Benito Juárez',51,6,'Tlalpan','México','8195198537');
INSERT INTO Sucursal(IdSucursal,NombreSucursal,Calle,NumeroExterior,NumeroInterior,Colonia,Estado,Telefono) VALUES (43,'Farmacia San Miguel','Carranza',21,75,'Coyoacan','Tlaxcala','5564244845');
INSERT INTO Sucursal(IdSucursal,NombreSucursal,Calle,NumeroExterior,NumeroInterior,Colonia,Estado,Telefono) VALUES (44,'Farmacia San Pablo','Hidalgo',77,9,'Lomas de Chapultepec','Quintana Roo','+6711623412103');
INSERT INTO Sucursal(IdSucursal,NombreSucursal,Calle,NumeroExterior,NumeroInterior,Colonia,Estado,Telefono) VALUES (45,'Farmacia San Lucas','Independencia',49,58,'Tlalpan','Durango','9754439650');
INSERT INTO Sucursal(IdSucursal,NombreSucursal,Calle,NumeroExterior,NumeroInterior,Colonia,Estado,Telefono) VALUES (46,'Farmacia San Juan','Juárez',56,24,'Cuajimalpa','Colima','+52597134570');
INSERT INTO Sucursal(IdSucursal,NombreSucursal,Calle,NumeroExterior,NumeroInterior,Colonia,Estado,Telefono) VALUES (47,'Farmacia San Lorenzo','Callejón del Beso',30,97,'La Joya','Durango','+2040706069486');
INSERT INTO Sucursal(IdSucursal,NombreSucursal,Calle,NumeroExterior,NumeroInterior,Colonia,Estado,Telefono) VALUES (48,'Farmacia San Vicente','Benito Juárez',37,99,'Polanco','Chihuahua','+547580907836');
INSERT INTO Sucursal(IdSucursal,NombreSucursal,Calle,NumeroExterior,NumeroInterior,Colonia,Estado,Telefono) VALUES (49,'Farmacia San José','Revolución',80,65,'Del Valle','México','+98481053111');
INSERT INTO Sucursal(IdSucursal,NombreSucursal,Calle,NumeroExterior,NumeroInterior,Colonia,Estado,Telefono) VALUES (50,'Farmacia San Ignacio','Madero',40,63,'La Joya','Chihuahua','+356182812109');
INSERT INTO Sucursal(IdSucursal,NombreSucursal,Calle,NumeroExterior,NumeroInterior,Colonia,Estado,Telefono) VALUES (51,'Farmacia San Pedro','Hidalgo',48,53,'Del Valle','Yucatán','1374663163');
INSERT INTO Sucursal(IdSucursal,NombreSucursal,Calle,NumeroExterior,NumeroInterior,Colonia,Estado,Telefono) VALUES (52,'Farmacia San Pedro','Madero',29,99,'Interlomas','San Luis Potosí','5647184824');
INSERT INTO Sucursal(IdSucursal,NombreSucursal,Calle,NumeroExterior,NumeroInterior,Colonia,Estado,Telefono) VALUES (53,'Farmacia San Vicente','Revolución',43,20,'Lomas de Chapultepec','Jalisco','+544025355702');
INSERT INTO Sucursal(IdSucursal,NombreSucursal,Calle,NumeroExterior,NumeroInterior,Colonia,Estado,Telefono) VALUES (54,'Farmacia Guadalajara','Madero',94,44,'Cuajimalpa','Tlaxcala','7695161549');
INSERT INTO Sucursal(IdSucursal,NombreSucursal,Calle,NumeroExterior,NumeroInterior,Colonia,Estado,Telefono) VALUES (55,'Farmacia San Lucas','Madero',88,56,'Bosques de Chapultepec','Durango','+23876157834');
INSERT INTO Sucursal(IdSucursal,NombreSucursal,Calle,NumeroExterior,NumeroInterior,Colonia,Estado,Telefono) VALUES (56,'Farmacia San Rafael','Callejón del Beso',97,21,'Del Valle','Tabasco','+7541433553452');
INSERT INTO Sucursal(IdSucursal,NombreSucursal,Calle,NumeroExterior,NumeroInterior,Colonia,Estado,Telefono) VALUES (57,'Farmacia del Sol','Revolución',3,80,'Tlalpan','Colima','+4331724434499');
INSERT INTO Sucursal(IdSucursal,NombreSucursal,Calle,NumeroExterior,NumeroInterior,Colonia,Estado,Telefono) VALUES (58,'Farmacia Santa Ana','Carranza',88,97,'Coyoacan','Puebla','+661716310992');
INSERT INTO Sucursal(IdSucursal,NombreSucursal,Calle,NumeroExterior,NumeroInterior,Colonia,Estado,Telefono) VALUES (59,'Farmacia San Vicente','Allende',78,69,'La Joya','Baja California Sur','+734493651168');
INSERT INTO Sucursal(IdSucursal,NombreSucursal,Calle,NumeroExterior,NumeroInterior,Colonia,Estado,Telefono) VALUES (60,'Farmacia San Ignacio','Hidalgo',67,70,'San Pedro','Morelos','+2970456549633');
INSERT INTO Sucursal(IdSucursal,NombreSucursal,Calle,NumeroExterior,NumeroInterior,Colonia,Estado,Telefono) VALUES (61,'Farmacia Santa Ana','Galeana',6,57,'Polanco','Tamaulipas','+7720466145107');
INSERT INTO Sucursal(IdSucursal,NombreSucursal,Calle,NumeroExterior,NumeroInterior,Colonia,Estado,Telefono) VALUES (62,'Farmacia San Juan','Juárez',32,82,'Cuajimalpa','Jalisco','+89683351641');
INSERT INTO Sucursal(IdSucursal,NombreSucursal,Calle,NumeroExterior,NumeroInterior,Colonia,Estado,Telefono) VALUES (63,'Farmacia San Pablo','Allende',19,12,'Interlomas','México','7390572612');
INSERT INTO Sucursal(IdSucursal,NombreSucursal,Calle,NumeroExterior,NumeroInterior,Colonia,Estado,Telefono) VALUES (64,'Farmacia San Ignacio','Revolución',3,67,'La Joya','Guerrero','+2814505169375');
INSERT INTO Sucursal(IdSucursal,NombreSucursal,Calle,NumeroExterior,NumeroInterior,Colonia,Estado,Telefono) VALUES (65,'Farmacia San José','Revolución',73,83,'Polanco','Nuevo León','9885835884');
INSERT INTO Sucursal(IdSucursal,NombreSucursal,Calle,NumeroExterior,NumeroInterior,Colonia,Estado,Telefono) VALUES (66,'Farmacia San Pablo','Benito Juárez',51,18,'La Joya','Coahuila','8019660121');
INSERT INTO Sucursal(IdSucursal,NombreSucursal,Calle,NumeroExterior,NumeroInterior,Colonia,Estado,Telefono) VALUES (67,'Farmacia San Vicente','Independencia',86,100,'Cuajimalpa','Durango','0390208442');
INSERT INTO Sucursal(IdSucursal,NombreSucursal,Calle,NumeroExterior,NumeroInterior,Colonia,Estado,Telefono) VALUES (68,'Farmacia San Ignacio','Lázaro Cárdenas',5,73,'Condesa','Nuevo León','6688731057');
INSERT INTO Sucursal(IdSucursal,NombreSucursal,Calle,NumeroExterior,NumeroInterior,Colonia,Estado,Telefono) VALUES (69,'Farmacia San Juan','Benito Juárez',67,72,'Del Valle','Jalisco','+5172101574431');
INSERT INTO Sucursal(IdSucursal,NombreSucursal,Calle,NumeroExterior,NumeroInterior,Colonia,Estado,Telefono) VALUES (70,'Farmacia del Sol','Zaragoza',55,63,'Roma Norte','Oaxaca','9510752560');
INSERT INTO Sucursal(IdSucursal,NombreSucursal,Calle,NumeroExterior,NumeroInterior,Colonia,Estado,Telefono) VALUES (71,'Farmacia San Pedro','Lázaro Cárdenas',100,28,'Roma Norte','Colima','8931029784');
INSERT INTO Sucursal(IdSucursal,NombreSucursal,Calle,NumeroExterior,NumeroInterior,Colonia,Estado,Telefono) VALUES (72,'Farmacia San Lucas','Juárez',79,89,'Condesa','Colima','9586055781');
INSERT INTO Sucursal(IdSucursal,NombreSucursal,Calle,NumeroExterior,NumeroInterior,Colonia,Estado,Telefono) VALUES (73,'Farmacia San Pablo','Juárez',51,39,'Lomas de Chapultepec','Yucatán','7906947305');
INSERT INTO Sucursal(IdSucursal,NombreSucursal,Calle,NumeroExterior,NumeroInterior,Colonia,Estado,Telefono) VALUES (74,'Farmacia San Lucas','Allende',75,50,'Polanco','Tlaxcala','2775219246');
INSERT INTO Sucursal(IdSucursal,NombreSucursal,Calle,NumeroExterior,NumeroInterior,Colonia,Estado,Telefono) VALUES (75,'Farmacia San José','Lázaro Cárdenas',84,28,'Cuajimalpa','Guanajuato','7748284546');
INSERT INTO Sucursal(IdSucursal,NombreSucursal,Calle,NumeroExterior,NumeroInterior,Colonia,Estado,Telefono) VALUES (76,'Farmacia San Juan','Hidalgo',36,8,'Bosques de Chapultepec','Baja California','5378448384');
INSERT INTO Sucursal(IdSucursal,NombreSucursal,Calle,NumeroExterior,NumeroInterior,Colonia,Estado,Telefono) VALUES (77,'Farmacia San Vicente','Carranza',30,25,'Coyoacan','Guanajuato','+693669424894');
INSERT INTO Sucursal(IdSucursal,NombreSucursal,Calle,NumeroExterior,NumeroInterior,Colonia,Estado,Telefono) VALUES (78,'Farmacia San Rafael','Galeana',53,42,'Condesa','Aguascalientes','5577989091');
INSERT INTO Sucursal(IdSucursal,NombreSucursal,Calle,NumeroExterior,NumeroInterior,Colonia,Estado,Telefono) VALUES (79,'Farmacia La Paz','Juárez',74,66,'Condesa','Aguascalientes','+583557037885');
INSERT INTO Sucursal(IdSucursal,NombreSucursal,Calle,NumeroExterior,NumeroInterior,Colonia,Estado,Telefono) VALUES (80,'Farmacia San Vicente','Lázaro Cárdenas',75,46,'Cuajimalpa','Nuevo León','2564585123');
INSERT INTO Sucursal(IdSucursal,NombreSucursal,Calle,NumeroExterior,NumeroInterior,Colonia,Estado,Telefono) VALUES (81,'Farmacia San Antonio','Revolución',79,37,'Tlalpan','Baja California','6562902856');
INSERT INTO Sucursal(IdSucursal,NombreSucursal,Calle,NumeroExterior,NumeroInterior,Colonia,Estado,Telefono) VALUES (82,'Farmacia San Rafael','Independencia',45,34,'Condesa','Nayarit','+53571216096');
INSERT INTO Sucursal(IdSucursal,NombreSucursal,Calle,NumeroExterior,NumeroInterior,Colonia,Estado,Telefono) VALUES (83,'Farmacia San José','Hidalgo',57,30,'Santa Fe','Aguascalientes','2611659048');
INSERT INTO Sucursal(IdSucursal,NombreSucursal,Calle,NumeroExterior,NumeroInterior,Colonia,Estado,Telefono) VALUES (84,'Farmacia Santa Ana','Morelos',80,19,'Condesa','Colima','+18451611698');
INSERT INTO Sucursal(IdSucursal,NombreSucursal,Calle,NumeroExterior,NumeroInterior,Colonia,Estado,Telefono) VALUES (85,'Farmacia San Juan','Revolución',93,84,'Interlomas','Quintana Roo','9205306673');
INSERT INTO Sucursal(IdSucursal,NombreSucursal,Calle,NumeroExterior,NumeroInterior,Colonia,Estado,Telefono) VALUES (86,'Farmacia San Juan','Allende',99,58,'San Pedro','Tlaxcala','+770849327663');
INSERT INTO Sucursal(IdSucursal,NombreSucursal,Calle,NumeroExterior,NumeroInterior,Colonia,Estado,Telefono) VALUES (87,'Farmacia San Miguel','Independencia',76,62,'La Joya','Tamaulipas','+21212983245');
INSERT INTO Sucursal(IdSucursal,NombreSucursal,Calle,NumeroExterior,NumeroInterior,Colonia,Estado,Telefono) VALUES (88,'Farmacia San Lorenzo','Independencia',26,91,'Satelite','Guerrero','+541146042628');
INSERT INTO Sucursal(IdSucursal,NombreSucursal,Calle,NumeroExterior,NumeroInterior,Colonia,Estado,Telefono) VALUES (89,'Farmacia San Juan','Obregón',75,33,'Del Valle','Baja California','5242897039');
INSERT INTO Sucursal(IdSucursal,NombreSucursal,Calle,NumeroExterior,NumeroInterior,Colonia,Estado,Telefono) VALUES (90,'Farmacia San Antonio','Benito Juárez',28,98,'Satelite','Aguascalientes','2347970726');
INSERT INTO Sucursal(IdSucursal,NombreSucursal,Calle,NumeroExterior,NumeroInterior,Colonia,Estado,Telefono) VALUES (91,'Farmacia San Lucas','Zaragoza',63,98,'Condesa','Nayarit','8757858253');
INSERT INTO Sucursal(IdSucursal,NombreSucursal,Calle,NumeroExterior,NumeroInterior,Colonia,Estado,Telefono) VALUES (92,'Farmacia San Rafael','Revolución',58,70,'Roma Norte','Durango','7158707297');
INSERT INTO Sucursal(IdSucursal,NombreSucursal,Calle,NumeroExterior,NumeroInterior,Colonia,Estado,Telefono) VALUES (93,'Farmacia San Miguel','Madero',91,40,'Lomas de Chapultepec','Durango','7797060159');
INSERT INTO Sucursal(IdSucursal,NombreSucursal,Calle,NumeroExterior,NumeroInterior,Colonia,Estado,Telefono) VALUES (94,'Farmacia San Miguel','Obregón',12,51,'Napoles','México','+225930014690');
INSERT INTO Sucursal(IdSucursal,NombreSucursal,Calle,NumeroExterior,NumeroInterior,Colonia,Estado,Telefono) VALUES (95,'Farmacia San Pedro','Hidalgo',59,29,'Interlomas','Puebla','0109879452');
INSERT INTO Sucursal(IdSucursal,NombreSucursal,Calle,NumeroExterior,NumeroInterior,Colonia,Estado,Telefono) VALUES (96,'Farmacia San Pablo','Callejón del Beso',96,6,'Satelite','Morelos','+4902861957648');
INSERT INTO Sucursal(IdSucursal,NombreSucursal,Calle,NumeroExterior,NumeroInterior,Colonia,Estado,Telefono) VALUES (97,'Farmacia San Lorenzo','Galeana',86,82,'Napoles','Colima','0324077894');
INSERT INTO Sucursal(IdSucursal,NombreSucursal,Calle,NumeroExterior,NumeroInterior,Colonia,Estado,Telefono) VALUES (98,'Farmacia San Pedro','Benito Juárez',68,74,'Coyoacan','Nayarit','+1143559083642');
INSERT INTO Sucursal(IdSucursal,NombreSucursal,Calle,NumeroExterior,NumeroInterior,Colonia,Estado,Telefono) VALUES (99,'Farmacia San Rafael','Revolución',22,75,'Interlomas','Guerrero','2729044681');
INSERT INTO Sucursal(IdSucursal,NombreSucursal,Calle,NumeroExterior,NumeroInterior,Colonia,Estado,Telefono) VALUES (100,'Farmacia del Sol','Carranza',71,38,'Tlalpan','Hidalgo','+602876243341');
INSERT INTO Sucursal(IdSucursal,NombreSucursal,Calle,NumeroExterior,NumeroInterior,Colonia,Estado,Telefono) VALUES (101,'Farmacia San Pedro','Allende',33,14,'Satelite','Yucatán','1933114848');
INSERT INTO Sucursal(IdSucursal,NombreSucursal,Calle,NumeroExterior,NumeroInterior,Colonia,Estado,Telefono) VALUES (102,'Farmacia San Pedro','Independencia',4,34,'Condesa','Sonora','8197378088');
INSERT INTO Sucursal(IdSucursal,NombreSucursal,Calle,NumeroExterior,NumeroInterior,Colonia,Estado,Telefono) VALUES (103,'Farmacia San Miguel','Callejón del Beso',2,86,'La Joya','Veracruz','+22099695115');
INSERT INTO Sucursal(IdSucursal,NombreSucursal,Calle,NumeroExterior,NumeroInterior,Colonia,Estado,Telefono) VALUES (104,'Farmacia San Pablo','Guerrero',30,19,'Del Valle','Guerrero','+39790602491');
INSERT INTO Sucursal(IdSucursal,NombreSucursal,Calle,NumeroExterior,NumeroInterior,Colonia,Estado,Telefono) VALUES (105,'Farmacia San Lucas','Guerrero',80,65,'Coyoacan','Guanajuato','+021506914010');
INSERT INTO Sucursal(IdSucursal,NombreSucursal,Calle,NumeroExterior,NumeroInterior,Colonia,Estado,Telefono) VALUES (106,'Farmacia San Ignacio','Revolución',28,13,'Del Valle','Tabasco','2195646932');
INSERT INTO Sucursal(IdSucursal,NombreSucursal,Calle,NumeroExterior,NumeroInterior,Colonia,Estado,Telefono) VALUES (107,'Farmacia San Vicente','Lázaro Cárdenas',46,17,'Polanco','Zacatecas','+4199935587853');
INSERT INTO Sucursal(IdSucursal,NombreSucursal,Calle,NumeroExterior,NumeroInterior,Colonia,Estado,Telefono) VALUES (108,'Farmacia Santa Ana','Zaragoza',43,7,'Bosques de Chapultepec','Quintana Roo','+69264730593');
INSERT INTO Sucursal(IdSucursal,NombreSucursal,Calle,NumeroExterior,NumeroInterior,Colonia,Estado,Telefono) VALUES (109,'Farmacia San Lucas','Obregón',40,81,'Tlalpan','Aguascalientes','5340474301');
INSERT INTO Sucursal(IdSucursal,NombreSucursal,Calle,NumeroExterior,NumeroInterior,Colonia,Estado,Telefono) VALUES (110,'Farmacia San José','Lázaro Cárdenas',82,82,'Cuajimalpa','Oaxaca','5735035990');
INSERT INTO Sucursal(IdSucursal,NombreSucursal,Calle,NumeroExterior,NumeroInterior,Colonia,Estado,Telefono) VALUES (111,'Farmacia San Pablo','Lázaro Cárdenas',40,10,'Santa Fe','Chihuahua','5397830323');
INSERT INTO Sucursal(IdSucursal,NombreSucursal,Calle,NumeroExterior,NumeroInterior,Colonia,Estado,Telefono) VALUES (112,'Farmacia Guadalajara','Hidalgo',57,59,'Coyoacan','Jalisco','+029803770404');
INSERT INTO Sucursal(IdSucursal,NombreSucursal,Calle,NumeroExterior,NumeroInterior,Colonia,Estado,Telefono) VALUES (113,'Farmacia San Lorenzo','Allende',8,64,'La Joya','Jalisco','7168454532');
INSERT INTO Sucursal(IdSucursal,NombreSucursal,Calle,NumeroExterior,NumeroInterior,Colonia,Estado,Telefono) VALUES (114,'Farmacia Guadalajara','Allende',3,61,'Coyoacan','Jalisco','+001800827309');
INSERT INTO Sucursal(IdSucursal,NombreSucursal,Calle,NumeroExterior,NumeroInterior,Colonia,Estado,Telefono) VALUES (115,'Farmacia San Rafael','Allende',58,11,'Cuajimalpa','San Luis Potosí','8720593714');
INSERT INTO Sucursal(IdSucursal,NombreSucursal,Calle,NumeroExterior,NumeroInterior,Colonia,Estado,Telefono) VALUES (116,'Farmacia San Rafael','Independencia',96,30,'Tlalpan','Tabasco','+880049903419');
INSERT INTO Sucursal(IdSucursal,NombreSucursal,Calle,NumeroExterior,NumeroInterior,Colonia,Estado,Telefono) VALUES (117,'Farmacia San Rafael','Callejón del Beso',88,89,'Polanco','Aguascalientes','6825488383');
INSERT INTO Sucursal(IdSucursal,NombreSucursal,Calle,NumeroExterior,NumeroInterior,Colonia,Estado,Telefono) VALUES (118,'Farmacia del Sol','Galeana',78,21,'Santa Fe','Coahuila','4129041061');
INSERT INTO Sucursal(IdSucursal,NombreSucursal,Calle,NumeroExterior,NumeroInterior,Colonia,Estado,Telefono) VALUES (119,'Farmacia Santa Ana','Guerrero',31,74,'Interlomas','Guerrero','2356426788');
INSERT INTO Sucursal(IdSucursal,NombreSucursal,Calle,NumeroExterior,NumeroInterior,Colonia,Estado,Telefono) VALUES (120,'Farmacia San Miguel','Hidalgo',60,5,'Tlalpan','Yucatán','+688149025690');
INSERT INTO Sucursal(IdSucursal,NombreSucursal,Calle,NumeroExterior,NumeroInterior,Colonia,Estado,Telefono) VALUES (121,'Farmacia San Vicente','Morelos',93,35,'San Pedro','Baja California','+36068091659');
INSERT INTO Sucursal(IdSucursal,NombreSucursal,Calle,NumeroExterior,NumeroInterior,Colonia,Estado,Telefono) VALUES (122,'Farmacia del Sol','Zaragoza',81,45,'Napoles','Baja California Sur','7057466512');
INSERT INTO Sucursal(IdSucursal,NombreSucursal,Calle,NumeroExterior,NumeroInterior,Colonia,Estado,Telefono) VALUES (123,'Farmacia San Juan','Obregón',31,22,'Santa Fe','Zacatecas','7741036138');
INSERT INTO Sucursal(IdSucursal,NombreSucursal,Calle,NumeroExterior,NumeroInterior,Colonia,Estado,Telefono) VALUES (124,'Farmacia San Juan','Guerrero',35,16,'San Pedro','Tamaulipas','+638958025988');
INSERT INTO Sucursal(IdSucursal,NombreSucursal,Calle,NumeroExterior,NumeroInterior,Colonia,Estado,Telefono) VALUES (125,'Farmacia San Pablo','Madero',64,11,'Santa Fe','Tlaxcala','3834684070');
INSERT INTO Sucursal(IdSucursal,NombreSucursal,Calle,NumeroExterior,NumeroInterior,Colonia,Estado,Telefono) VALUES (126,'Farmacia Guadalajara','Guerrero',58,86,'Polanco','Quintana Roo','+352756785583');
INSERT INTO Sucursal(IdSucursal,NombreSucursal,Calle,NumeroExterior,NumeroInterior,Colonia,Estado,Telefono) VALUES (127,'Farmacia San Vicente','Galeana',28,80,'Del Valle','Guanajuato','+589665235808');
INSERT INTO Sucursal(IdSucursal,NombreSucursal,Calle,NumeroExterior,NumeroInterior,Colonia,Estado,Telefono) VALUES (128,'Farmacia San Miguel','Morelos',82,44,'Polanco','Guerrero','+882714436564');
INSERT INTO Sucursal(IdSucursal,NombreSucursal,Calle,NumeroExterior,NumeroInterior,Colonia,Estado,Telefono) VALUES (129,'Farmacia Santa Ana','Benito Juárez',28,58,'Napoles','Colima','2993041182');
INSERT INTO Sucursal(IdSucursal,NombreSucursal,Calle,NumeroExterior,NumeroInterior,Colonia,Estado,Telefono) VALUES (130,'Farmacia La Paz','Guerrero',93,72,'Coyoacan','Veracruz','+8439036038197');
INSERT INTO Sucursal(IdSucursal,NombreSucursal,Calle,NumeroExterior,NumeroInterior,Colonia,Estado,Telefono) VALUES (131,'Farmacia San Pedro','Benito Juárez',37,76,'Polanco','Zacatecas','+7923609084818');
INSERT INTO Sucursal(IdSucursal,NombreSucursal,Calle,NumeroExterior,NumeroInterior,Colonia,Estado,Telefono) VALUES (132,'Farmacia La Paz','Carranza',1,32,'Condesa','Durango','+24900958865');
INSERT INTO Sucursal(IdSucursal,NombreSucursal,Calle,NumeroExterior,NumeroInterior,Colonia,Estado,Telefono) VALUES (133,'Farmacia La Paz','Galeana',91,83,'Coyoacan','Morelos','5564052439');
INSERT INTO Sucursal(IdSucursal,NombreSucursal,Calle,NumeroExterior,NumeroInterior,Colonia,Estado,Telefono) VALUES (134,'Farmacia San Lorenzo','Obregón',89,50,'Bosques de Chapultepec','Zacatecas','+49425822923');
INSERT INTO Sucursal(IdSucursal,NombreSucursal,Calle,NumeroExterior,NumeroInterior,Colonia,Estado,Telefono) VALUES (135,'Farmacia del Sol','Zaragoza',51,86,'Tlalpan','Nuevo León','+08379324188');
INSERT INTO Sucursal(IdSucursal,NombreSucursal,Calle,NumeroExterior,NumeroInterior,Colonia,Estado,Telefono) VALUES (136,'Farmacia Guadalajara','Morelos',39,51,'Satelite','Sonora','+36301808134');
INSERT INTO Sucursal(IdSucursal,NombreSucursal,Calle,NumeroExterior,NumeroInterior,Colonia,Estado,Telefono) VALUES (137,'Farmacia San Pablo','Guerrero',39,83,'Tlalpan','Nayarit','1477754174');
INSERT INTO Sucursal(IdSucursal,NombreSucursal,Calle,NumeroExterior,NumeroInterior,Colonia,Estado,Telefono) VALUES (138,'Farmacia San Juan','Obregón',99,71,'Condesa','Hidalgo','9168298859');
INSERT INTO Sucursal(IdSucursal,NombreSucursal,Calle,NumeroExterior,NumeroInterior,Colonia,Estado,Telefono) VALUES (139,'Farmacia San Ignacio','Obregón',55,93,'Bosques de Chapultepec','Sinaloa','+19865829116');
INSERT INTO Sucursal(IdSucursal,NombreSucursal,Calle,NumeroExterior,NumeroInterior,Colonia,Estado,Telefono) VALUES (140,'Farmacia Santa Ana','Revolución',61,95,'Bosques de Chapultepec','Puebla','1254695591');
INSERT INTO Sucursal(IdSucursal,NombreSucursal,Calle,NumeroExterior,NumeroInterior,Colonia,Estado,Telefono) VALUES (141,'Farmacia San Lorenzo','Morelos',59,61,'Coyoacan','Jalisco','9515376435');
INSERT INTO Sucursal(IdSucursal,NombreSucursal,Calle,NumeroExterior,NumeroInterior,Colonia,Estado,Telefono) VALUES (142,'Farmacia San Juan','Carranza',91,93,'Condesa','Michoacán','6654144267');
INSERT INTO Sucursal(IdSucursal,NombreSucursal,Calle,NumeroExterior,NumeroInterior,Colonia,Estado,Telefono) VALUES (143,'Farmacia San Ignacio','Obregón',75,73,'Condesa','México','3532477888');
INSERT INTO Sucursal(IdSucursal,NombreSucursal,Calle,NumeroExterior,NumeroInterior,Colonia,Estado,Telefono) VALUES (144,'Farmacia San Ignacio','Juárez',39,21,'Del Valle','Colima','+640465823517');
INSERT INTO Sucursal(IdSucursal,NombreSucursal,Calle,NumeroExterior,NumeroInterior,Colonia,Estado,Telefono) VALUES (145,'Farmacia Guadalajara','Galeana',66,22,'Interlomas','Jalisco','+67581520954');
INSERT INTO Sucursal(IdSucursal,NombreSucursal,Calle,NumeroExterior,NumeroInterior,Colonia,Estado,Telefono) VALUES (146,'Farmacia del Sol','Madero',75,58,'Cuajimalpa','Chiapas','5703862541');
INSERT INTO Sucursal(IdSucursal,NombreSucursal,Calle,NumeroExterior,NumeroInterior,Colonia,Estado,Telefono) VALUES (147,'Farmacia Guadalajara','Callejón del Beso',27,61,'Tlalpan','Baja California Sur','0579837472');
INSERT INTO Sucursal(IdSucursal,NombreSucursal,Calle,NumeroExterior,NumeroInterior,Colonia,Estado,Telefono) VALUES (148,'Farmacia Guadalajara','Benito Juárez',93,93,'Roma Norte','Baja California Sur','7852957147');
INSERT INTO Sucursal(IdSucursal,NombreSucursal,Calle,NumeroExterior,NumeroInterior,Colonia,Estado,Telefono) VALUES (149,'Farmacia San Pedro','Allende',28,10,'Tlalpan','Coahuila','+41781759115');
INSERT INTO Sucursal(IdSucursal,NombreSucursal,Calle,NumeroExterior,NumeroInterior,Colonia,Estado,Telefono) VALUES (150,'Farmacia San Vicente','Independencia',66,45,'Coyoacan','Colima','5866875784');


--150 registros de la tabla Clinica
INSERT INTO Clinica(IdClinica,NombreClinica,NumCuarto,IdSucursal) VALUES (1,'Clínica Santa Rosa',11,1);
INSERT INTO Clinica(IdClinica,NombreClinica,NumCuarto,IdSucursal) VALUES (2,'Centro de Salud San Pablo',12,2);
INSERT INTO Clinica(IdClinica,NombreClinica,NumCuarto,IdSucursal) VALUES (3,'Centro Médico del Sol',3,3);
INSERT INTO Clinica(IdClinica,NombreClinica,NumCuarto,IdSucursal) VALUES (4,'Clínica San Antonio',3,4);
INSERT INTO Clinica(IdClinica,NombreClinica,NumCuarto,IdSucursal) VALUES (5,'Centro Médico San Martín',4,5);
INSERT INTO Clinica(IdClinica,NombreClinica,NumCuarto,IdSucursal) VALUES (6,'Clínica Santa Rosa',11,6);
INSERT INTO Clinica(IdClinica,NombreClinica,NumCuarto,IdSucursal) VALUES (7,'Centro Médico del Sol',1,7);
INSERT INTO Clinica(IdClinica,NombreClinica,NumCuarto,IdSucursal) VALUES (8,'Hospital San Lucas',3,8);
INSERT INTO Clinica(IdClinica,NombreClinica,NumCuarto,IdSucursal) VALUES (9,'Clínica Santa Rosa',4,9);
INSERT INTO Clinica(IdClinica,NombreClinica,NumCuarto,IdSucursal) VALUES (10,'Centro Médico San Martín',5,10);
INSERT INTO Clinica(IdClinica,NombreClinica,NumCuarto,IdSucursal) VALUES (11,'Centro de Salud San Pablo',15,11);
INSERT INTO Clinica(IdClinica,NombreClinica,NumCuarto,IdSucursal) VALUES (12,'Centro de Salud San Rafael',4,12);
INSERT INTO Clinica(IdClinica,NombreClinica,NumCuarto,IdSucursal) VALUES (13,'Clínica San Antonio',11,13);
INSERT INTO Clinica(IdClinica,NombreClinica,NumCuarto,IdSucursal) VALUES (14,'Clínica Nuestra Señora de la Salud',3,14);
INSERT INTO Clinica(IdClinica,NombreClinica,NumCuarto,IdSucursal) VALUES (15,'Centro Médico San Martín',15,15);
INSERT INTO Clinica(IdClinica,NombreClinica,NumCuarto,IdSucursal) VALUES (16,'Clínica Virgen de Guadalupe',1,16);
INSERT INTO Clinica(IdClinica,NombreClinica,NumCuarto,IdSucursal) VALUES (17,'Clínica Nuestra Señora de la Salud',4,17);
INSERT INTO Clinica(IdClinica,NombreClinica,NumCuarto,IdSucursal) VALUES (18,'Clínica Nuestra Señora del Carmen',4,18);
INSERT INTO Clinica(IdClinica,NombreClinica,NumCuarto,IdSucursal) VALUES (19,'Centro de Salud San Rafael',5,19);
INSERT INTO Clinica(IdClinica,NombreClinica,NumCuarto,IdSucursal) VALUES (20,'Clínica San Antonio',3,20);
INSERT INTO Clinica(IdClinica,NombreClinica,NumCuarto,IdSucursal) VALUES (21,'Centro Médico del Sol',1,21);
INSERT INTO Clinica(IdClinica,NombreClinica,NumCuarto,IdSucursal) VALUES (22,'Hospital Santa Ana',5,22);
INSERT INTO Clinica(IdClinica,NombreClinica,NumCuarto,IdSucursal) VALUES (23,'Clínica Nuestra Señora del Carmen',1,23);
INSERT INTO Clinica(IdClinica,NombreClinica,NumCuarto,IdSucursal) VALUES (24,'Clínica Santa Rosa',1,24);
INSERT INTO Clinica(IdClinica,NombreClinica,NumCuarto,IdSucursal) VALUES (25,'Centro Médico del Sol',12,25);
INSERT INTO Clinica(IdClinica,NombreClinica,NumCuarto,IdSucursal) VALUES (26,'Clínica San Antonio',15,26);
INSERT INTO Clinica(IdClinica,NombreClinica,NumCuarto,IdSucursal) VALUES (27,'Centro Médico del Sol',1,27);
INSERT INTO Clinica(IdClinica,NombreClinica,NumCuarto,IdSucursal) VALUES (28,'Clínica Nuestra Señora del Carmen',1,28);
INSERT INTO Clinica(IdClinica,NombreClinica,NumCuarto,IdSucursal) VALUES (29,'Centro Médico del Sol',13,29);
INSERT INTO Clinica(IdClinica,NombreClinica,NumCuarto,IdSucursal) VALUES (30,'Centro de Salud San Pablo',9,30);
INSERT INTO Clinica(IdClinica,NombreClinica,NumCuarto,IdSucursal) VALUES (31,'Clínica Santa Rosa',13,31);
INSERT INTO Clinica(IdClinica,NombreClinica,NumCuarto,IdSucursal) VALUES (32,'Centro Médico San Miguel',11,32);
INSERT INTO Clinica(IdClinica,NombreClinica,NumCuarto,IdSucursal) VALUES (33,'Clínica San José',1,33);
INSERT INTO Clinica(IdClinica,NombreClinica,NumCuarto,IdSucursal) VALUES (34,'Clínica Santa Rosa',2,34);
INSERT INTO Clinica(IdClinica,NombreClinica,NumCuarto,IdSucursal) VALUES (35,'Hospital Santa Ana',12,35);
INSERT INTO Clinica(IdClinica,NombreClinica,NumCuarto,IdSucursal) VALUES (36,'Clínica Nuestra Señora de la Salud',5,36);
INSERT INTO Clinica(IdClinica,NombreClinica,NumCuarto,IdSucursal) VALUES (37,'Centro Médico del Sol',3,37);
INSERT INTO Clinica(IdClinica,NombreClinica,NumCuarto,IdSucursal) VALUES (38,'Centro Médico San Miguel',3,38);
INSERT INTO Clinica(IdClinica,NombreClinica,NumCuarto,IdSucursal) VALUES (39,'Hospital Santa Ana',5,39);
INSERT INTO Clinica(IdClinica,NombreClinica,NumCuarto,IdSucursal) VALUES (40,'Hospital San Juan de Dios',7,40);
INSERT INTO Clinica(IdClinica,NombreClinica,NumCuarto,IdSucursal) VALUES (41,'Clínica San Antonio',13,41);
INSERT INTO Clinica(IdClinica,NombreClinica,NumCuarto,IdSucursal) VALUES (42,'Centro Médico San Martín',8,42);
INSERT INTO Clinica(IdClinica,NombreClinica,NumCuarto,IdSucursal) VALUES (43,'Hospital San Juan de Dios',12,43);
INSERT INTO Clinica(IdClinica,NombreClinica,NumCuarto,IdSucursal) VALUES (44,'Clínica San Antonio',14,44);
INSERT INTO Clinica(IdClinica,NombreClinica,NumCuarto,IdSucursal) VALUES (45,'Clínica Santa Rosa',9,45);
INSERT INTO Clinica(IdClinica,NombreClinica,NumCuarto,IdSucursal) VALUES (46,'Clínica San José',9,46);
INSERT INTO Clinica(IdClinica,NombreClinica,NumCuarto,IdSucursal) VALUES (47,'Centro de Salud San Pablo',4,47);
INSERT INTO Clinica(IdClinica,NombreClinica,NumCuarto,IdSucursal) VALUES (48,'Clínica Nuestra Señora del Carmen',15,48);
INSERT INTO Clinica(IdClinica,NombreClinica,NumCuarto,IdSucursal) VALUES (49,'Centro Médico del Sol',9,49);
INSERT INTO Clinica(IdClinica,NombreClinica,NumCuarto,IdSucursal) VALUES (50,'Hospital Santa Ana',8,50);
INSERT INTO Clinica(IdClinica,NombreClinica,NumCuarto,IdSucursal) VALUES (51,'Centro Médico San Martín',2,51);
INSERT INTO Clinica(IdClinica,NombreClinica,NumCuarto,IdSucursal) VALUES (52,'Clínica Virgen de Guadalupe',7,52);
INSERT INTO Clinica(IdClinica,NombreClinica,NumCuarto,IdSucursal) VALUES (53,'Centro Médico del Sol',9,53);
INSERT INTO Clinica(IdClinica,NombreClinica,NumCuarto,IdSucursal) VALUES (54,'Hospital San Juan de Dios',3,54);
INSERT INTO Clinica(IdClinica,NombreClinica,NumCuarto,IdSucursal) VALUES (55,'Hospital San Juan de Dios',1,55);
INSERT INTO Clinica(IdClinica,NombreClinica,NumCuarto,IdSucursal) VALUES (56,'Centro de Salud San Rafael',8,56);
INSERT INTO Clinica(IdClinica,NombreClinica,NumCuarto,IdSucursal) VALUES (57,'Clínica Nuestra Señora del Carmen',14,57);
INSERT INTO Clinica(IdClinica,NombreClinica,NumCuarto,IdSucursal) VALUES (58,'Clínica Nuestra Señora del Carmen',15,58);
INSERT INTO Clinica(IdClinica,NombreClinica,NumCuarto,IdSucursal) VALUES (59,'Clínica Nuestra Señora del Carmen',1,59);
INSERT INTO Clinica(IdClinica,NombreClinica,NumCuarto,IdSucursal) VALUES (60,'Hospital Santa Ana',15,60);
INSERT INTO Clinica(IdClinica,NombreClinica,NumCuarto,IdSucursal) VALUES (61,'Clínica San Antonio',13,61);
INSERT INTO Clinica(IdClinica,NombreClinica,NumCuarto,IdSucursal) VALUES (62,'Clínica San José',9,62);
INSERT INTO Clinica(IdClinica,NombreClinica,NumCuarto,IdSucursal) VALUES (63,'Centro de Salud San Pablo',11,63);
INSERT INTO Clinica(IdClinica,NombreClinica,NumCuarto,IdSucursal) VALUES (64,'Clínica Santa Rosa',8,64);
INSERT INTO Clinica(IdClinica,NombreClinica,NumCuarto,IdSucursal) VALUES (65,'Centro Médico del Sol',4,65);
INSERT INTO Clinica(IdClinica,NombreClinica,NumCuarto,IdSucursal) VALUES (66,'Clínica San Antonio',7,66);
INSERT INTO Clinica(IdClinica,NombreClinica,NumCuarto,IdSucursal) VALUES (67,'Clínica Nuestra Señora de la Salud',3,67);
INSERT INTO Clinica(IdClinica,NombreClinica,NumCuarto,IdSucursal) VALUES (68,'Centro Médico del Sol',8,68);
INSERT INTO Clinica(IdClinica,NombreClinica,NumCuarto,IdSucursal) VALUES (69,'Clínica Virgen de Guadalupe',5,69);
INSERT INTO Clinica(IdClinica,NombreClinica,NumCuarto,IdSucursal) VALUES (70,'Clínica Santa Rosa',8,70);
INSERT INTO Clinica(IdClinica,NombreClinica,NumCuarto,IdSucursal) VALUES (71,'Hospital Santa María',1,71);
INSERT INTO Clinica(IdClinica,NombreClinica,NumCuarto,IdSucursal) VALUES (72,'Hospital San Lucas',12,72);
INSERT INTO Clinica(IdClinica,NombreClinica,NumCuarto,IdSucursal) VALUES (73,'Centro Médico del Sol',14,73);
INSERT INTO Clinica(IdClinica,NombreClinica,NumCuarto,IdSucursal) VALUES (74,'Hospital Santa María',7,74);
INSERT INTO Clinica(IdClinica,NombreClinica,NumCuarto,IdSucursal) VALUES (75,'Hospital Santa María',1,75);
INSERT INTO Clinica(IdClinica,NombreClinica,NumCuarto,IdSucursal) VALUES (76,'Centro de Salud San Rafael',4,76);
INSERT INTO Clinica(IdClinica,NombreClinica,NumCuarto,IdSucursal) VALUES (77,'Clínica San Antonio',7,77);
INSERT INTO Clinica(IdClinica,NombreClinica,NumCuarto,IdSucursal) VALUES (78,'Centro Médico San Martín',5,78);
INSERT INTO Clinica(IdClinica,NombreClinica,NumCuarto,IdSucursal) VALUES (79,'Hospital Santa Ana',3,79);
INSERT INTO Clinica(IdClinica,NombreClinica,NumCuarto,IdSucursal) VALUES (80,'Clínica Nuestra Señora de la Salud',1,80);
INSERT INTO Clinica(IdClinica,NombreClinica,NumCuarto,IdSucursal) VALUES (81,'Clínica San Antonio',9,81);
INSERT INTO Clinica(IdClinica,NombreClinica,NumCuarto,IdSucursal) VALUES (82,'Clínica Virgen de Guadalupe',7,82);
INSERT INTO Clinica(IdClinica,NombreClinica,NumCuarto,IdSucursal) VALUES (83,'Clínica Nuestra Señora de la Salud',2,83);
INSERT INTO Clinica(IdClinica,NombreClinica,NumCuarto,IdSucursal) VALUES (84,'Clínica San Antonio',7,84);
INSERT INTO Clinica(IdClinica,NombreClinica,NumCuarto,IdSucursal) VALUES (85,'Hospital San Juan de Dios',8,85);
INSERT INTO Clinica(IdClinica,NombreClinica,NumCuarto,IdSucursal) VALUES (86,'Clínica Nuestra Señora del Carmen',13,86);
INSERT INTO Clinica(IdClinica,NombreClinica,NumCuarto,IdSucursal) VALUES (87,'Clínica San José',5,87);
INSERT INTO Clinica(IdClinica,NombreClinica,NumCuarto,IdSucursal) VALUES (88,'Hospital Santa María',6,88);
INSERT INTO Clinica(IdClinica,NombreClinica,NumCuarto,IdSucursal) VALUES (89,'Centro de Salud San Pablo',10,89);
INSERT INTO Clinica(IdClinica,NombreClinica,NumCuarto,IdSucursal) VALUES (90,'Clínica Santa Rosa',5,90);
INSERT INTO Clinica(IdClinica,NombreClinica,NumCuarto,IdSucursal) VALUES (91,'Centro de Salud San Pablo',9,91);
INSERT INTO Clinica(IdClinica,NombreClinica,NumCuarto,IdSucursal) VALUES (92,'Centro de Salud San Rafael',7,92);
INSERT INTO Clinica(IdClinica,NombreClinica,NumCuarto,IdSucursal) VALUES (93,'Clínica Nuestra Señora del Carmen',1,93);
INSERT INTO Clinica(IdClinica,NombreClinica,NumCuarto,IdSucursal) VALUES (94,'Clínica Virgen de Guadalupe',12,94);
INSERT INTO Clinica(IdClinica,NombreClinica,NumCuarto,IdSucursal) VALUES (95,'Hospital Santa Ana',14,95);
INSERT INTO Clinica(IdClinica,NombreClinica,NumCuarto,IdSucursal) VALUES (96,'Clínica Nuestra Señora de la Salud',5,96);
INSERT INTO Clinica(IdClinica,NombreClinica,NumCuarto,IdSucursal) VALUES (97,'Hospital San Juan de Dios',1,97);
INSERT INTO Clinica(IdClinica,NombreClinica,NumCuarto,IdSucursal) VALUES (98,'Clínica San Antonio',7,98);
INSERT INTO Clinica(IdClinica,NombreClinica,NumCuarto,IdSucursal) VALUES (99,'Centro Médico San Martín',5,99);
INSERT INTO Clinica(IdClinica,NombreClinica,NumCuarto,IdSucursal) VALUES (100,'Centro de Salud San Rafael',11,100);
INSERT INTO Clinica(IdClinica,NombreClinica,NumCuarto,IdSucursal) VALUES (101,'Clínica San José',2,101);
INSERT INTO Clinica(IdClinica,NombreClinica,NumCuarto,IdSucursal) VALUES (102,'Clínica San José',10,102);
INSERT INTO Clinica(IdClinica,NombreClinica,NumCuarto,IdSucursal) VALUES (103,'Hospital San Lucas',1,103);
INSERT INTO Clinica(IdClinica,NombreClinica,NumCuarto,IdSucursal) VALUES (104,'Clínica Nuestra Señora del Carmen',9,104);
INSERT INTO Clinica(IdClinica,NombreClinica,NumCuarto,IdSucursal) VALUES (105,'Clínica San José',7,105);
INSERT INTO Clinica(IdClinica,NombreClinica,NumCuarto,IdSucursal) VALUES (106,'Clínica Nuestra Señora del Carmen',15,106);
INSERT INTO Clinica(IdClinica,NombreClinica,NumCuarto,IdSucursal) VALUES (107,'Clínica Nuestra Señora de la Salud',12,107);
INSERT INTO Clinica(IdClinica,NombreClinica,NumCuarto,IdSucursal) VALUES (108,'Centro Médico San Martín',4,108);
INSERT INTO Clinica(IdClinica,NombreClinica,NumCuarto,IdSucursal) VALUES (109,'Hospital Santa Ana',9,109);
INSERT INTO Clinica(IdClinica,NombreClinica,NumCuarto,IdSucursal) VALUES (110,'Clínica Nuestra Señora de la Salud',6,110);
INSERT INTO Clinica(IdClinica,NombreClinica,NumCuarto,IdSucursal) VALUES (111,'Hospital Santa María',2,111);
INSERT INTO Clinica(IdClinica,NombreClinica,NumCuarto,IdSucursal) VALUES (112,'Clínica Virgen de Guadalupe',7,112);
INSERT INTO Clinica(IdClinica,NombreClinica,NumCuarto,IdSucursal) VALUES (113,'Clínica San José',13,113);
INSERT INTO Clinica(IdClinica,NombreClinica,NumCuarto,IdSucursal) VALUES (114,'Centro de Salud San Pablo',11,114);
INSERT INTO Clinica(IdClinica,NombreClinica,NumCuarto,IdSucursal) VALUES (115,'Hospital Santa María',2,115);
INSERT INTO Clinica(IdClinica,NombreClinica,NumCuarto,IdSucursal) VALUES (116,'Clínica Nuestra Señora de la Salud',8,116);
INSERT INTO Clinica(IdClinica,NombreClinica,NumCuarto,IdSucursal) VALUES (117,'Clínica San José',14,117);
INSERT INTO Clinica(IdClinica,NombreClinica,NumCuarto,IdSucursal) VALUES (118,'Clínica Nuestra Señora del Carmen',13,118);
INSERT INTO Clinica(IdClinica,NombreClinica,NumCuarto,IdSucursal) VALUES (119,'Centro Médico del Sol',8,119);
INSERT INTO Clinica(IdClinica,NombreClinica,NumCuarto,IdSucursal) VALUES (120,'Centro Médico del Sol',6,120);
INSERT INTO Clinica(IdClinica,NombreClinica,NumCuarto,IdSucursal) VALUES (121,'Clínica Virgen de Guadalupe',7,121);
INSERT INTO Clinica(IdClinica,NombreClinica,NumCuarto,IdSucursal) VALUES (122,'Clínica Santa Rosa',1,122);
INSERT INTO Clinica(IdClinica,NombreClinica,NumCuarto,IdSucursal) VALUES (123,'Hospital San Lucas',6,123);
INSERT INTO Clinica(IdClinica,NombreClinica,NumCuarto,IdSucursal) VALUES (124,'Centro Médico del Sol',12,124);
INSERT INTO Clinica(IdClinica,NombreClinica,NumCuarto,IdSucursal) VALUES (125,'Clínica San Antonio',4,125);
INSERT INTO Clinica(IdClinica,NombreClinica,NumCuarto,IdSucursal) VALUES (126,'Centro de Salud San Rafael',6,126);
INSERT INTO Clinica(IdClinica,NombreClinica,NumCuarto,IdSucursal) VALUES (127,'Centro de Salud San Pablo',5,127);
INSERT INTO Clinica(IdClinica,NombreClinica,NumCuarto,IdSucursal) VALUES (128,'Centro Médico del Sol',4,128);
INSERT INTO Clinica(IdClinica,NombreClinica,NumCuarto,IdSucursal) VALUES (129,'Clínica Nuestra Señora del Carmen',10,129);
INSERT INTO Clinica(IdClinica,NombreClinica,NumCuarto,IdSucursal) VALUES (130,'Centro Médico San Martín',7,130);
INSERT INTO Clinica(IdClinica,NombreClinica,NumCuarto,IdSucursal) VALUES (131,'Centro de Salud San Pablo',14,131);
INSERT INTO Clinica(IdClinica,NombreClinica,NumCuarto,IdSucursal) VALUES (132,'Clínica Virgen de Guadalupe',5,132);
INSERT INTO Clinica(IdClinica,NombreClinica,NumCuarto,IdSucursal) VALUES (133,'Clínica Virgen de Guadalupe',8,133);
INSERT INTO Clinica(IdClinica,NombreClinica,NumCuarto,IdSucursal) VALUES (134,'Hospital Santa María',1,134);
INSERT INTO Clinica(IdClinica,NombreClinica,NumCuarto,IdSucursal) VALUES (135,'Centro de Salud San Rafael',12,135);
INSERT INTO Clinica(IdClinica,NombreClinica,NumCuarto,IdSucursal) VALUES (136,'Hospital Santa María',10,136);
INSERT INTO Clinica(IdClinica,NombreClinica,NumCuarto,IdSucursal) VALUES (137,'Clínica Virgen de Guadalupe',15,137);
INSERT INTO Clinica(IdClinica,NombreClinica,NumCuarto,IdSucursal) VALUES (138,'Centro Médico San Miguel',3,138);
INSERT INTO Clinica(IdClinica,NombreClinica,NumCuarto,IdSucursal) VALUES (139,'Clínica Nuestra Señora de la Salud',9,139);
INSERT INTO Clinica(IdClinica,NombreClinica,NumCuarto,IdSucursal) VALUES (140,'Clínica San José',2,140);
INSERT INTO Clinica(IdClinica,NombreClinica,NumCuarto,IdSucursal) VALUES (141,'Hospital Santa Ana',12,141);
INSERT INTO Clinica(IdClinica,NombreClinica,NumCuarto,IdSucursal) VALUES (142,'Hospital San Lucas',8,142);
INSERT INTO Clinica(IdClinica,NombreClinica,NumCuarto,IdSucursal) VALUES (143,'Centro de Salud San Pablo',7,143);
INSERT INTO Clinica(IdClinica,NombreClinica,NumCuarto,IdSucursal) VALUES (144,'Clínica Nuestra Señora de la Salud',14,144);
INSERT INTO Clinica(IdClinica,NombreClinica,NumCuarto,IdSucursal) VALUES (145,'Clínica Virgen de Guadalupe',3,145);
INSERT INTO Clinica(IdClinica,NombreClinica,NumCuarto,IdSucursal) VALUES (146,'Centro Médico San Martín',15,146);
INSERT INTO Clinica(IdClinica,NombreClinica,NumCuarto,IdSucursal) VALUES (147,'Centro de Salud San Pablo',13,147);
INSERT INTO Clinica(IdClinica,NombreClinica,NumCuarto,IdSucursal) VALUES (148,'Clínica Nuestra Señora de la Salud',3,148);
INSERT INTO Clinica(IdClinica,NombreClinica,NumCuarto,IdSucursal) VALUES (149,'Hospital Santa María',1,149);
INSERT INTO Clinica(IdClinica,NombreClinica,NumCuarto,IdSucursal) VALUES (150,'Centro de Salud San Rafael',14,150);


--150 registros de la tabla Medico
INSERT INTO Medico(RFC,Nombre,Paterno,Materno,Calle,NumeroExterior,NumeroInterior,Colonia,Estado,Dia,Entrada,Salida,Salario,IdSucursal,InstitucionEgreso,VigenciaCertificacion,CedulaProfesional) VALUES ('ZHDE150128OJ9','Norine','Botcherby','Bartomieu','Morelos',78,94,'Los Pinos','Campeche','Sabado','7:08','15:08',45800899.09,38,'Instituto de Investigación Médica','6/6/2024',1000001);
INSERT INTO Medico(RFC,Nombre,Paterno,Materno,Calle,NumeroExterior,NumeroInterior,Colonia,Estado,Dia,Entrada,Salida,Salario,IdSucursal,InstitucionEgreso,VigenciaCertificacion,CedulaProfesional) VALUES ('GVUV581207S35','Rudd','Sambles','Madison','López Mateos',36,5,'Los Pinos','Durango','Lunes','14:54','22:54',66399019.87,127,'Universidad Nacional de Medicina','2/13/2021',1000002);
INSERT INTO Medico(RFC,Nombre,Paterno,Materno,Calle,NumeroExterior,NumeroInterior,Colonia,Estado,Dia,Entrada,Salida,Salario,IdSucursal,InstitucionEgreso,VigenciaCertificacion,CedulaProfesional) VALUES ('SMTT951107G43','Vern','Bagshawe','Stouther','Hidalgo',24,47,'Santa Cruz','Michoacán','Jueves','0:59','08:59',69900733.56,119,'Instituto de Investigación Médica','1/27/2021',1000003);
INSERT INTO Medico(RFC,Nombre,Paterno,Materno,Calle,NumeroExterior,NumeroInterior,Colonia,Estado,Dia,Entrada,Salida,Salario,IdSucursal,InstitucionEgreso,VigenciaCertificacion,CedulaProfesional) VALUES ('FBRG780409F16','Datha','Auden','Cammack','González',91,94,'Villa de las Flores','Tamaulipas','Domingo','23:24','07:24',80642871.52,7,'Universidad Nacional de Medicina','4/14/2023',1000004);
INSERT INTO Medico(RFC,Nombre,Paterno,Materno,Calle,NumeroExterior,NumeroInterior,Colonia,Estado,Dia,Entrada,Salida,Salario,IdSucursal,InstitucionEgreso,VigenciaCertificacion,CedulaProfesional) VALUES ('HUTP7405204Y7','Lynea','Kevlin','Onslow','Zaragoza',76,47,'La Aurora','Sinaloa','Domingo','6:20','14:20',93912035.39,139,'Instituto de Salud Pública','1/29/2027',1000005);
INSERT INTO Medico(RFC,Nombre,Paterno,Materno,Calle,NumeroExterior,NumeroInterior,Colonia,Estado,Dia,Entrada,Salida,Salario,IdSucursal,InstitucionEgreso,VigenciaCertificacion,CedulaProfesional) VALUES ('NCQX121118IS6','Omar','Badwick','Wolford','Callejón de la Amargura',44,85,'San Pedro','Guanajuato','Domingo','16:21','00:21',33521637.09,104,'Facultad de Medicina y Cirugía','2/13/2025',1000006);
INSERT INTO Medico(RFC,Nombre,Paterno,Materno,Calle,NumeroExterior,NumeroInterior,Colonia,Estado,Dia,Entrada,Salida,Salario,IdSucursal,InstitucionEgreso,VigenciaCertificacion,CedulaProfesional) VALUES ('GFZS9909024E0','Verna','Laddle','Halt','Callejón del Beso',6,48,'San Miguel','Querétaro','Martes','14:43','22:43',43312718.06,108,'Escuela de Medicina y Ciencias de la Salud','11/5/2028',1000007);
INSERT INTO Medico(RFC,Nombre,Paterno,Materno,Calle,NumeroExterior,NumeroInterior,Colonia,Estado,Dia,Entrada,Salida,Salario,IdSucursal,InstitucionEgreso,VigenciaCertificacion,CedulaProfesional) VALUES ('WCZJ290618890','Howard','Stanyard','Gabel','Morelos',43,49,'San José','Aguascalientes','Jueves','3:11','11:11',96459561.15,108,'Instituto de Salud Pública','9/11/2022',1000008);
INSERT INTO Medico(RFC,Nombre,Paterno,Materno,Calle,NumeroExterior,NumeroInterior,Colonia,Estado,Dia,Entrada,Salida,Salario,IdSucursal,InstitucionEgreso,VigenciaCertificacion,CedulaProfesional) VALUES ('ZDXU9305258F5','Crista','Quince','Caghy','Hidalgo',35,80,'San Pedro','Campeche','Martes','3:51','11:51',80804022.65,47,'Universidad Nacional de Medicina','4/6/2030',1000009);
INSERT INTO Medico(RFC,Nombre,Paterno,Materno,Calle,NumeroExterior,NumeroInterior,Colonia,Estado,Dia,Entrada,Salida,Salario,IdSucursal,InstitucionEgreso,VigenciaCertificacion,CedulaProfesional) VALUES ('GDIO141207Q50','Caresse','Lodewick','Yeend','Carranza',57,42,'El Rosario','Nayarit','Lunes','8:58','16:58',10519771.22,100,'Escuela Superior de Ciencias de la Salud','2/7/2022',1000010);
INSERT INTO Medico(RFC,Nombre,Paterno,Materno,Calle,NumeroExterior,NumeroInterior,Colonia,Estado,Dia,Entrada,Salida,Salario,IdSucursal,InstitucionEgreso,VigenciaCertificacion,CedulaProfesional) VALUES ('KSQV071102LG4','Agatha','Millberg','Kezor','Callejón de la Amargura',44,31,'San Miguel','Puebla','Sabado','5:55','13:55',55186821.41,115,'Instituto de Salud Pública','10/16/2025',1000011);
INSERT INTO Medico(RFC,Nombre,Paterno,Materno,Calle,NumeroExterior,NumeroInterior,Colonia,Estado,Dia,Entrada,Salida,Salario,IdSucursal,InstitucionEgreso,VigenciaCertificacion,CedulaProfesional) VALUES ('IQTK530101EN8','Sven','McGeffen','Dinnies','Gutiérrez',92,74,'Bosques de Chapultepec','Aguascalientes','Sabado','5:30','13:30',18898787.96,132,'Universidad Nacional de Medicina','9/16/2030',1000012);
INSERT INTO Medico(RFC,Nombre,Paterno,Materno,Calle,NumeroExterior,NumeroInterior,Colonia,Estado,Dia,Entrada,Salida,Salario,IdSucursal,InstitucionEgreso,VigenciaCertificacion,CedulaProfesional) VALUES ('KNIA110413PL7','Jerome','Sygroves','Goodbody','Callejón de la Condesa',65,18,'El Rosario','Nayarit','Jueves','15:21','23:21',17630457.28,148,'Facultad de Medicina y Cirugía','3/2/2026',1000013);
INSERT INTO Medico(RFC,Nombre,Paterno,Materno,Calle,NumeroExterior,NumeroInterior,Colonia,Estado,Dia,Entrada,Salida,Salario,IdSucursal,InstitucionEgreso,VigenciaCertificacion,CedulaProfesional) VALUES ('SPQS651108K98','Terri','Ewart','Carlan','González',36,60,'Valle Verde','Guanajuato','Martes','14:16','22:16',3202711.49,44,'Instituto Nacional de Ciencias de la Salud','8/3/2025',1000014);
INSERT INTO Medico(RFC,Nombre,Paterno,Materno,Calle,NumeroExterior,NumeroInterior,Colonia,Estado,Dia,Entrada,Salida,Salario,IdSucursal,InstitucionEgreso,VigenciaCertificacion,CedulaProfesional) VALUES ('INKO090409VK0','Jorrie','Feilden','Botger','Morelos',77,74,'Las Palmas','Puebla','Sabado','11:13','19:13',78337525.22,141,'Escuela de Medicina y Ciencias de la Salud','10/16/2024',1000015);
INSERT INTO Medico(RFC,Nombre,Paterno,Materno,Calle,NumeroExterior,NumeroInterior,Colonia,Estado,Dia,Entrada,Salida,Salario,IdSucursal,InstitucionEgreso,VigenciaCertificacion,CedulaProfesional) VALUES ('JCRH700525Z46','Burty','Simonds','Hoyland','Morelos',33,79,'San José','Hidalgo','Miercoles','23:45','07:45',90739261.57,113,'Instituto de Salud Pública','7/19/2027',1000016);
INSERT INTO Medico(RFC,Nombre,Paterno,Materno,Calle,NumeroExterior,NumeroInterior,Colonia,Estado,Dia,Entrada,Salida,Salario,IdSucursal,InstitucionEgreso,VigenciaCertificacion,CedulaProfesional) VALUES ('CZWK731013L50','Rabi','Eaton','Grills','Carranza',92,4,'Bosques de Chapultepec','Jalisco','Domingo','8:45','16:45',79488543.79,9,'Hospital Universitario de Medicina','2/24/2028',1000017);
INSERT INTO Medico(RFC,Nombre,Paterno,Materno,Calle,NumeroExterior,NumeroInterior,Colonia,Estado,Dia,Entrada,Salida,Salario,IdSucursal,InstitucionEgreso,VigenciaCertificacion,CedulaProfesional) VALUES ('UGQC701103V54','Marge','Querree','Gervaise','Juárez',31,3,'La Joya','Hidalgo','Miercoles','18:50','02:50',16870443.01,17,'Instituto de Investigación Médica','8/9/2028',1000018);
INSERT INTO Medico(RFC,Nombre,Paterno,Materno,Calle,NumeroExterior,NumeroInterior,Colonia,Estado,Dia,Entrada,Salida,Salario,IdSucursal,InstitucionEgreso,VigenciaCertificacion,CedulaProfesional) VALUES ('RMHA7401239N5','Annmaria','Kovalski','Heighway','Revolución',39,85,'San Miguel','Aguascalientes','Sabado','14:10','22:10',96152874.63,77,'Universidad Nacional de Medicina','4/2/2026',1000019);
INSERT INTO Medico(RFC,Nombre,Paterno,Materno,Calle,NumeroExterior,NumeroInterior,Colonia,Estado,Dia,Entrada,Salida,Salario,IdSucursal,InstitucionEgreso,VigenciaCertificacion,CedulaProfesional) VALUES ('TQOQ951004AR1','Terrijo','Winchcum','Ivery','Independencia',94,99,'Santa Cruz','Aguascalientes','Jueves','3:58','11:58',45310341.39,145,'Hospital Universitario de Medicina','1/14/2026',1000020);
INSERT INTO Medico(RFC,Nombre,Paterno,Materno,Calle,NumeroExterior,NumeroInterior,Colonia,Estado,Dia,Entrada,Salida,Salario,IdSucursal,InstitucionEgreso,VigenciaCertificacion,CedulaProfesional) VALUES ('JQZE820914712','Carolyn','Batrick','Jeratt','Hidalgo',66,73,'La Esperanza','Aguascalientes','Jueves','9:23','17:23',88586858.9,76,'Hospital Universitario de Medicina','12/14/2024',1000021);
INSERT INTO Medico(RFC,Nombre,Paterno,Materno,Calle,NumeroExterior,NumeroInterior,Colonia,Estado,Dia,Entrada,Salida,Salario,IdSucursal,InstitucionEgreso,VigenciaCertificacion,CedulaProfesional) VALUES ('YVRE801205345','Zabrina','Novak','Sultan','Hidalgo',7,25,'El Rosario','Nayarit','Domingo','21:11','05:11',3344152.22,134,'Instituto Nacional de Ciencias de la Salud','8/21/2027',1000022);
INSERT INTO Medico(RFC,Nombre,Paterno,Materno,Calle,NumeroExterior,NumeroInterior,Colonia,Estado,Dia,Entrada,Salida,Salario,IdSucursal,InstitucionEgreso,VigenciaCertificacion,CedulaProfesional) VALUES ('FEIE981204055','Marsiella','Bome','Grunbaum','Obregón',3,46,'Las Palmas','Jalisco','Miercoles','3:33','11:33',65482699.2,72,'Universidad Nacional de Medicina','6/22/2028',1000023);
INSERT INTO Medico(RFC,Nombre,Paterno,Materno,Calle,NumeroExterior,NumeroInterior,Colonia,Estado,Dia,Entrada,Salida,Salario,IdSucursal,InstitucionEgreso,VigenciaCertificacion,CedulaProfesional) VALUES ('LBBZ560408KA6','Marnia','Cowthard','Goulding','Callejón del Beso',83,92,'Los Pinos','Campeche','Miercoles','23:33','07:33',90752347.82,85,'Colegio de Médicos y Cirujanos','4/11/2022',1000024);
INSERT INTO Medico(RFC,Nombre,Paterno,Materno,Calle,NumeroExterior,NumeroInterior,Colonia,Estado,Dia,Entrada,Salida,Salario,IdSucursal,InstitucionEgreso,VigenciaCertificacion,CedulaProfesional) VALUES ('YSOM720321JJ0','Garey','Scuffham','Colaco','Obregón',97,55,'Los Pinos','Jalisco','Domingo','5:12','13:12',50557256.48,52,'Universidad Nacional de Medicina','9/16/2030',1000025);
INSERT INTO Medico(RFC,Nombre,Paterno,Materno,Calle,NumeroExterior,NumeroInterior,Colonia,Estado,Dia,Entrada,Salida,Salario,IdSucursal,InstitucionEgreso,VigenciaCertificacion,CedulaProfesional) VALUES ('CNOT380624L29','Helli','Iannazzi','Rispine','Callejón de la Amargura',38,8,'La Joya','Guanajuato','Martes','8:08','16:08',79743479.1,78,'Instituto de Salud Pública','7/19/2023',1000026);
INSERT INTO Medico(RFC,Nombre,Paterno,Materno,Calle,NumeroExterior,NumeroInterior,Colonia,Estado,Dia,Entrada,Salida,Salario,IdSucursal,InstitucionEgreso,VigenciaCertificacion,CedulaProfesional) VALUES ('QRHE971207L65','Morna','Nussen','Aicheson','Madero',81,53,'San José','Baja California','Sabado','4:49','12:49',82483358.71,72,'Escuela de Medicina y Ciencias de la Salud','8/5/2022',1000027);
INSERT INTO Medico(RFC,Nombre,Paterno,Materno,Calle,NumeroExterior,NumeroInterior,Colonia,Estado,Dia,Entrada,Salida,Salario,IdSucursal,InstitucionEgreso,VigenciaCertificacion,CedulaProfesional) VALUES ('WSIC050804W46','Lamond','Abrahamovitz','Blenkhorn','Callejón de la Condesa',92,1,'Bosques de Chapultepec','Durango','Domingo','22:06','06:06',62071741.85,130,'Colegio de Médicos y Cirujanos','12/16/2023',1000028);
INSERT INTO Medico(RFC,Nombre,Paterno,Materno,Calle,NumeroExterior,NumeroInterior,Colonia,Estado,Dia,Entrada,Salida,Salario,IdSucursal,InstitucionEgreso,VigenciaCertificacion,CedulaProfesional) VALUES ('UNYE121010959','Nikoletta','Gerrad','Buckham','Obregón',32,90,'Bosques de Chapultepec','Sinaloa','Domingo','0:19','08:19',82845382.59,79,'Escuela Superior de Ciencias de la Salud','9/24/2021',1000029);
INSERT INTO Medico(RFC,Nombre,Paterno,Materno,Calle,NumeroExterior,NumeroInterior,Colonia,Estado,Dia,Entrada,Salida,Salario,IdSucursal,InstitucionEgreso,VigenciaCertificacion,CedulaProfesional) VALUES ('UTCR4006177M2','Rae','Gooderridge','Lennon','Guerrero',73,59,'San Pedro','Veracruz','Sabado','5:39','13:39',39653187.06,69,'Instituto de Investigación Médica','2/18/2028',1000030);
INSERT INTO Medico(RFC,Nombre,Paterno,Materno,Calle,NumeroExterior,NumeroInterior,Colonia,Estado,Dia,Entrada,Salida,Salario,IdSucursal,InstitucionEgreso,VigenciaCertificacion,CedulaProfesional) VALUES ('SDJY931208E48','Leigha','Bene','Kidner','López Mateos',54,74,'San Miguel','Veracruz','Lunes','16:11','00:11',66173779.85,8,'Instituto Nacional de Ciencias de la Salud','10/27/2026',1000031);
INSERT INTO Medico(RFC,Nombre,Paterno,Materno,Calle,NumeroExterior,NumeroInterior,Colonia,Estado,Dia,Entrada,Salida,Salario,IdSucursal,InstitucionEgreso,VigenciaCertificacion,CedulaProfesional) VALUES ('QXJM050126476','Findlay','McGrill','Waltering','López Mateos',13,90,'Santa Cruz','Jalisco','Miercoles','10:02','18:02',56624985.05,63,'Instituto Nacional de Ciencias de la Salud','5/26/2022',1000032);
INSERT INTO Medico(RFC,Nombre,Paterno,Materno,Calle,NumeroExterior,NumeroInterior,Colonia,Estado,Dia,Entrada,Salida,Salario,IdSucursal,InstitucionEgreso,VigenciaCertificacion,CedulaProfesional) VALUES ('RPGL300611Q11','Marigold','Frowen','Sevitt','Gutiérrez',16,18,'San Miguel','Puebla','Lunes','10:04','18:04',78497559.38,142,'Centro de Estudios Médicos Avanzados','6/14/2023',1000033);
INSERT INTO Medico(RFC,Nombre,Paterno,Materno,Calle,NumeroExterior,NumeroInterior,Colonia,Estado,Dia,Entrada,Salida,Salario,IdSucursal,InstitucionEgreso,VigenciaCertificacion,CedulaProfesional) VALUES ('OPXK250307F64','Hulda','Tiler','Jozefczak','Callejón de la Amargura',38,45,'Villa de las Flores','Baja California','Domingo','12:34','20:34',69913056.61,41,'Instituto de Investigación Médica','6/18/2026',1000034);
INSERT INTO Medico(RFC,Nombre,Paterno,Materno,Calle,NumeroExterior,NumeroInterior,Colonia,Estado,Dia,Entrada,Salida,Salario,IdSucursal,InstitucionEgreso,VigenciaCertificacion,CedulaProfesional) VALUES ('FNUL501002I98','Sigismond','Frodsam','Laydon','Callejón de la Amargura',71,44,'Los Pinos','Michoacán','Sabado','7:59','15:59',7084456.25,137,'Instituto de Salud Pública','9/24/2021',1000035);
INSERT INTO Medico(RFC,Nombre,Paterno,Materno,Calle,NumeroExterior,NumeroInterior,Colonia,Estado,Dia,Entrada,Salida,Salario,IdSucursal,InstitucionEgreso,VigenciaCertificacion,CedulaProfesional) VALUES ('SJIX6007138S1','Ab','Newey','MacFadyen','Guerrero',86,32,'La Primavera','Campeche','Martes','15:18','23:18',7119554.92,87,'Hospital Universitario de Medicina','3/31/2027',1000036);
INSERT INTO Medico(RFC,Nombre,Paterno,Materno,Calle,NumeroExterior,NumeroInterior,Colonia,Estado,Dia,Entrada,Salida,Salario,IdSucursal,InstitucionEgreso,VigenciaCertificacion,CedulaProfesional) VALUES ('RNKQ060724ZZ9','Aylmar','Catterick','Brimblecombe','Morelos',30,81,'La Aurora','Hidalgo','Jueves','14:45','22:45',76784863.74,84,'Universidad Nacional de Medicina','12/8/2030',1000037);
INSERT INTO Medico(RFC,Nombre,Paterno,Materno,Calle,NumeroExterior,NumeroInterior,Colonia,Estado,Dia,Entrada,Salida,Salario,IdSucursal,InstitucionEgreso,VigenciaCertificacion,CedulaProfesional) VALUES ('PBDJ691005451','Maximo','Nelthropp','Stollenberg','López Mateos',26,95,'La Aurora','Sinaloa','Domingo','6:05','14:05',88485475.01,98,'Universidad Nacional de Medicina','10/2/2029',1000038);
INSERT INTO Medico(RFC,Nombre,Paterno,Materno,Calle,NumeroExterior,NumeroInterior,Colonia,Estado,Dia,Entrada,Salida,Salario,IdSucursal,InstitucionEgreso,VigenciaCertificacion,CedulaProfesional) VALUES ('SMSD070813M27','Fremont','Biaggelli','Gabbitas','Callejón de la Amargura',53,11,'El Paraíso','Veracruz','Lunes','11:14','19:14',59449132.06,66,'Escuela Superior de Ciencias de la Salud','5/6/2030',1000039);
INSERT INTO Medico(RFC,Nombre,Paterno,Materno,Calle,NumeroExterior,NumeroInterior,Colonia,Estado,Dia,Entrada,Salida,Salario,IdSucursal,InstitucionEgreso,VigenciaCertificacion,CedulaProfesional) VALUES ('KAQM850124B52','Gerry','Kiljan','Jewar','Callejón de la Amargura',30,18,'Villa de las Flores','Jalisco','Lunes','0:05','08:05',26840583.7,149,'Instituto Nacional de Ciencias de la Salud','3/5/2029',1000040);
INSERT INTO Medico(RFC,Nombre,Paterno,Materno,Calle,NumeroExterior,NumeroInterior,Colonia,Estado,Dia,Entrada,Salida,Salario,IdSucursal,InstitucionEgreso,VigenciaCertificacion,CedulaProfesional) VALUES ('NJFI140518BI9','Kimmie','Hagley','Laurencot','Guerrero',67,25,'Los Pinos','Jalisco','Miercoles','12:06','20:06',74111729.05,97,'Escuela de Medicina y Ciencias de la Salud','11/24/2029',1000041);
INSERT INTO Medico(RFC,Nombre,Paterno,Materno,Calle,NumeroExterior,NumeroInterior,Colonia,Estado,Dia,Entrada,Salida,Salario,IdSucursal,InstitucionEgreso,VigenciaCertificacion,CedulaProfesional) VALUES ('JKRL841008217','Paige','Barbrick','Thomas','Gutiérrez',87,11,'Bosques de Chapultepec','Oaxaca','Domingo','20:33','04:33',6532929.59,144,'Instituto de Salud Pública','11/8/2027',1000042);
INSERT INTO Medico(RFC,Nombre,Paterno,Materno,Calle,NumeroExterior,NumeroInterior,Colonia,Estado,Dia,Entrada,Salida,Salario,IdSucursal,InstitucionEgreso,VigenciaCertificacion,CedulaProfesional) VALUES ('GAPZ940308132','Loy','Joel','Eyree','Allende',12,37,'Bosques de Chapultepec','Guanajuato','Lunes','19:27','03:27',47207456.31,142,'Instituto Nacional de Ciencias de la Salud','11/4/2023',1000043);
INSERT INTO Medico(RFC,Nombre,Paterno,Materno,Calle,NumeroExterior,NumeroInterior,Colonia,Estado,Dia,Entrada,Salida,Salario,IdSucursal,InstitucionEgreso,VigenciaCertificacion,CedulaProfesional) VALUES ('ARFG9402179B0','Iseabal','Dimnage','Stile','López Mateos',76,82,'El Paraíso','Campeche','Domingo','22:53','06:53',64027462.08,58,'Colegio de Médicos y Cirujanos','5/20/2030',1000044);
INSERT INTO Medico(RFC,Nombre,Paterno,Materno,Calle,NumeroExterior,NumeroInterior,Colonia,Estado,Dia,Entrada,Salida,Salario,IdSucursal,InstitucionEgreso,VigenciaCertificacion,CedulaProfesional) VALUES ('NBGJ9811069M8','Goran','Goodson','Adamsky','Guerrero',64,18,'La Joya','Nayarit','Sabado','9:06','17:06',94787585.76,39,'Centro de Estudios Médicos Avanzados','10/20/2028',1000045);
INSERT INTO Medico(RFC,Nombre,Paterno,Materno,Calle,NumeroExterior,NumeroInterior,Colonia,Estado,Dia,Entrada,Salida,Salario,IdSucursal,InstitucionEgreso,VigenciaCertificacion,CedulaProfesional) VALUES ('HCKN660603LC0','Lem','Ciobutaro','MacCracken','Guerrero',55,85,'El Paraíso','Puebla','Lunes','1:55','09:55',14438767.12,104,'Escuela Superior de Ciencias de la Salud','9/15/2027',1000046);
INSERT INTO Medico(RFC,Nombre,Paterno,Materno,Calle,NumeroExterior,NumeroInterior,Colonia,Estado,Dia,Entrada,Salida,Salario,IdSucursal,InstitucionEgreso,VigenciaCertificacion,CedulaProfesional) VALUES ('PJSE580109965','Gwendolyn','Esmonde','Blacksland','Zaragoza',29,92,'El Rosario','Tamaulipas','Lunes','23:12','07:12',83916608.12,104,'Colegio de Médicos y Cirujanos','7/22/2021',1000047);
INSERT INTO Medico(RFC,Nombre,Paterno,Materno,Calle,NumeroExterior,NumeroInterior,Colonia,Estado,Dia,Entrada,Salida,Salario,IdSucursal,InstitucionEgreso,VigenciaCertificacion,CedulaProfesional) VALUES ('LCCU750921234','Claudette','Fockes','Burfield','Callejón del Beso',28,94,'San Pedro','Baja California','Sabado','16:59','00:59',93451361.57,68,'Instituto de Investigación Médica','4/3/2026',1000048);
INSERT INTO Medico(RFC,Nombre,Paterno,Materno,Calle,NumeroExterior,NumeroInterior,Colonia,Estado,Dia,Entrada,Salida,Salario,IdSucursal,InstitucionEgreso,VigenciaCertificacion,CedulaProfesional) VALUES ('RPIG3712069K0','Talbert','Baysting','Dripps','González',76,8,'La Primavera','Campeche','Miercoles','16:29','00:29',13649461.01,149,'Universidad Nacional de Medicina','11/30/2022',1000049);
INSERT INTO Medico(RFC,Nombre,Paterno,Materno,Calle,NumeroExterior,NumeroInterior,Colonia,Estado,Dia,Entrada,Salida,Salario,IdSucursal,InstitucionEgreso,VigenciaCertificacion,CedulaProfesional) VALUES ('EMHY8512252Q4','Dermot','Lanyon','Bemwell','Zaragoza',36,64,'El Paraíso','Campeche','Jueves','19:24','03:24',38945828.63,101,'Escuela Superior de Ciencias de la Salud','10/3/2029',1000050);
INSERT INTO Medico(RFC,Nombre,Paterno,Materno,Calle,NumeroExterior,NumeroInterior,Colonia,Estado,Dia,Entrada,Salida,Salario,IdSucursal,InstitucionEgreso,VigenciaCertificacion,CedulaProfesional) VALUES ('BYGC5612147X2','Phillipe','Jaher','Lideard','Callejón del Beso',59,7,'La Joya','Guanajuato','Miercoles','21:44','05:44',90611306.9,67,'Colegio de Médicos y Cirujanos','6/22/2026',1000051);
INSERT INTO Medico(RFC,Nombre,Paterno,Materno,Calle,NumeroExterior,NumeroInterior,Colonia,Estado,Dia,Entrada,Salida,Salario,IdSucursal,InstitucionEgreso,VigenciaCertificacion,CedulaProfesional) VALUES ('ZLGP240704071','Winny','Olsson','Bowerman','Pino Suárez',57,98,'La Aurora','Oaxaca','Martes','0:17','08:17',78784401.42,55,'Hospital Universitario de Medicina','10/12/2025',1000052);
INSERT INTO Medico(RFC,Nombre,Paterno,Materno,Calle,NumeroExterior,NumeroInterior,Colonia,Estado,Dia,Entrada,Salida,Salario,IdSucursal,InstitucionEgreso,VigenciaCertificacion,CedulaProfesional) VALUES ('BWPY101105QN1','Christyna','Trebilcock','Kenrick','Pino Suárez',18,58,'La Aurora','Michoacán','Martes','14:08','22:08',47293543.9,38,'Escuela Superior de Ciencias de la Salud','10/9/2025',1000053);
INSERT INTO Medico(RFC,Nombre,Paterno,Materno,Calle,NumeroExterior,NumeroInterior,Colonia,Estado,Dia,Entrada,Salida,Salario,IdSucursal,InstitucionEgreso,VigenciaCertificacion,CedulaProfesional) VALUES ('KUAV971026AK7','Piper','Wedderburn','Fiddian','Obregón',19,29,'San Pedro','Durango','Lunes','7:15','15:15',8458985.95,42,'Instituto de Investigación Médica','1/14/2023',1000054);
INSERT INTO Medico(RFC,Nombre,Paterno,Materno,Calle,NumeroExterior,NumeroInterior,Colonia,Estado,Dia,Entrada,Salida,Salario,IdSucursal,InstitucionEgreso,VigenciaCertificacion,CedulaProfesional) VALUES ('WLRA7806282A2','Wald','Napoli','Stoodale','Pino Suárez',15,6,'Santa Cruz','Aguascalientes','Martes','22:02','06:02',78591191.89,84,'Instituto de Investigación Médica','10/18/2023',1000055);
INSERT INTO Medico(RFC,Nombre,Paterno,Materno,Calle,NumeroExterior,NumeroInterior,Colonia,Estado,Dia,Entrada,Salida,Salario,IdSucursal,InstitucionEgreso,VigenciaCertificacion,CedulaProfesional) VALUES ('MIAM510205687','Alberta','Grewer','Gainfort','Zaragoza',97,71,'San José','Veracruz','Miercoles','10:29','18:29',32936376.54,52,'Instituto de Investigación Médica','12/10/2029',1000056);
INSERT INTO Medico(RFC,Nombre,Paterno,Materno,Calle,NumeroExterior,NumeroInterior,Colonia,Estado,Dia,Entrada,Salida,Salario,IdSucursal,InstitucionEgreso,VigenciaCertificacion,CedulaProfesional) VALUES ('KKNR281108TV4','Laurella','Cutts','Pendre','Callejón de los Sapos',31,80,'La Joya','Jalisco','Jueves','21:01','05:01',5515429.5,26,'Colegio de Médicos y Cirujanos','8/28/2028',1000057);
INSERT INTO Medico(RFC,Nombre,Paterno,Materno,Calle,NumeroExterior,NumeroInterior,Colonia,Estado,Dia,Entrada,Salida,Salario,IdSucursal,InstitucionEgreso,VigenciaCertificacion,CedulaProfesional) VALUES ('IUSL211210289','Celisse','Aronowitz','Palombi','Callejón de los Sapos',98,44,'La Primavera','Durango','Martes','21:21','05:21',4713392.09,26,'Instituto de Salud Pública','5/22/2026',1000058);
INSERT INTO Medico(RFC,Nombre,Paterno,Materno,Calle,NumeroExterior,NumeroInterior,Colonia,Estado,Dia,Entrada,Salida,Salario,IdSucursal,InstitucionEgreso,VigenciaCertificacion,CedulaProfesional) VALUES ('QHGZ850604X82','Victoria','Bonelle','Ferries','López Mateos',79,91,'La Joya','Hidalgo','Martes','18:13','02:13',14100331.55,19,'Escuela Superior de Ciencias de la Salud','9/25/2030',1000059);
INSERT INTO Medico(RFC,Nombre,Paterno,Materno,Calle,NumeroExterior,NumeroInterior,Colonia,Estado,Dia,Entrada,Salida,Salario,IdSucursal,InstitucionEgreso,VigenciaCertificacion,CedulaProfesional) VALUES ('RRER560207371','Nathanial','Conroy','Blenkinsop','Pino Suárez',57,95,'El Paraíso','Baja California','Domingo','7:10','15:10',23401713.95,67,'Instituto Nacional de Ciencias de la Salud','3/31/2030',1000060);
INSERT INTO Medico(RFC,Nombre,Paterno,Materno,Calle,NumeroExterior,NumeroInterior,Colonia,Estado,Dia,Entrada,Salida,Salario,IdSucursal,InstitucionEgreso,VigenciaCertificacion,CedulaProfesional) VALUES ('ZPIX121107BK9','Julio','McAdam','Leroux','Hidalgo',11,65,'San José','Guanajuato','Jueves','0:45','08:45',10362118.88,119,'Colegio de Médicos y Cirujanos','3/21/2025',1000061);
INSERT INTO Medico(RFC,Nombre,Paterno,Materno,Calle,NumeroExterior,NumeroInterior,Colonia,Estado,Dia,Entrada,Salida,Salario,IdSucursal,InstitucionEgreso,VigenciaCertificacion,CedulaProfesional) VALUES ('LZPT750507Y80','Hanni','Kayser','McNess','González',69,71,'La Primavera','Nayarit','Sabado','9:13','17:13',20392006.54,85,'Colegio de Médicos y Cirujanos','11/10/2023',1000062);
INSERT INTO Medico(RFC,Nombre,Paterno,Materno,Calle,NumeroExterior,NumeroInterior,Colonia,Estado,Dia,Entrada,Salida,Salario,IdSucursal,InstitucionEgreso,VigenciaCertificacion,CedulaProfesional) VALUES ('JDYV881101H44','Fairleigh','Quig','Bartels','Callejón de la Condesa',51,47,'El Paraíso','Hidalgo','Lunes','6:42','14:42',35955794.49,35,'Instituto de Investigación Médica','5/28/2026',1000063);
INSERT INTO Medico(RFC,Nombre,Paterno,Materno,Calle,NumeroExterior,NumeroInterior,Colonia,Estado,Dia,Entrada,Salida,Salario,IdSucursal,InstitucionEgreso,VigenciaCertificacion,CedulaProfesional) VALUES ('WYND091112631','Belva','Beaze','Kuhnt','López Mateos',63,12,'Las Palmas','Baja California','Lunes','8:24','16:24',55565863.23,5,'Colegio de Médicos y Cirujanos','7/14/2022',1000064);
INSERT INTO Medico(RFC,Nombre,Paterno,Materno,Calle,NumeroExterior,NumeroInterior,Colonia,Estado,Dia,Entrada,Salida,Salario,IdSucursal,InstitucionEgreso,VigenciaCertificacion,CedulaProfesional) VALUES ('YTWK961212Q76','Kristy','Jadczak','Gorler','Callejón de los Sapos',21,23,'San José','Baja California','Lunes','11:08','19:08',81141854.82,90,'Escuela de Medicina y Ciencias de la Salud','6/4/2023',1000065);
INSERT INTO Medico(RFC,Nombre,Paterno,Materno,Calle,NumeroExterior,NumeroInterior,Colonia,Estado,Dia,Entrada,Salida,Salario,IdSucursal,InstitucionEgreso,VigenciaCertificacion,CedulaProfesional) VALUES ('XCPQ910709141','Sarine','Creamen','Staff','Gutiérrez',45,34,'La Esperanza','Querétaro','Lunes','8:50','16:50',84243649.63,142,'Centro de Estudios Médicos Avanzados','1/27/2022',1000066);
INSERT INTO Medico(RFC,Nombre,Paterno,Materno,Calle,NumeroExterior,NumeroInterior,Colonia,Estado,Dia,Entrada,Salida,Salario,IdSucursal,InstitucionEgreso,VigenciaCertificacion,CedulaProfesional) VALUES ('CJOP650905629','Holly-anne','Giannoni','Goldsberry','Pino Suárez',87,88,'La Joya','Tamaulipas','Sabado','20:33','04:33',73228068.84,25,'Instituto de Salud Pública','2/10/2025',1000067);
INSERT INTO Medico(RFC,Nombre,Paterno,Materno,Calle,NumeroExterior,NumeroInterior,Colonia,Estado,Dia,Entrada,Salida,Salario,IdSucursal,InstitucionEgreso,VigenciaCertificacion,CedulaProfesional) VALUES ('CSON2004221A4','Vikki','Benitez','Loffhead','Carranza',78,72,'San Pedro','Veracruz','Lunes','10:38','18:38',11929225.17,11,'Instituto Nacional de Ciencias de la Salud','5/30/2023',1000068);
INSERT INTO Medico(RFC,Nombre,Paterno,Materno,Calle,NumeroExterior,NumeroInterior,Colonia,Estado,Dia,Entrada,Salida,Salario,IdSucursal,InstitucionEgreso,VigenciaCertificacion,CedulaProfesional) VALUES ('QLWY190810N39','Felizio','Vittet','Crinson','Independencia',46,86,'Los Pinos','Hidalgo','Lunes','0:02','08:02',10946298.23,51,'Universidad Nacional de Medicina','1/24/2022',1000069);
INSERT INTO Medico(RFC,Nombre,Paterno,Materno,Calle,NumeroExterior,NumeroInterior,Colonia,Estado,Dia,Entrada,Salida,Salario,IdSucursal,InstitucionEgreso,VigenciaCertificacion,CedulaProfesional) VALUES ('KJSZ5204043R8','Averill','Atherton','Drabble','Callejón del Beso',77,41,'Valle Verde','Aguascalientes','Sabado','2:14','10:14',56160575.54,143,'Instituto de Investigación Médica','4/7/2026',1000070);
INSERT INTO Medico(RFC,Nombre,Paterno,Materno,Calle,NumeroExterior,NumeroInterior,Colonia,Estado,Dia,Entrada,Salida,Salario,IdSucursal,InstitucionEgreso,VigenciaCertificacion,CedulaProfesional) VALUES ('YPMH7304201L8','Terencio','Philbrick','Burchmore','Morelos',70,37,'Bosques de Chapultepec','Campeche','Martes','2:16','10:16',84393715.88,43,'Universidad Nacional de Medicina','7/17/2029',1000071);
INSERT INTO Medico(RFC,Nombre,Paterno,Materno,Calle,NumeroExterior,NumeroInterior,Colonia,Estado,Dia,Entrada,Salida,Salario,IdSucursal,InstitucionEgreso,VigenciaCertificacion,CedulaProfesional) VALUES ('EJSQ610413TA6','Alonso','Castleton','Jugging','Obregón',69,44,'La Esperanza','Michoacán','Domingo','5:01','13:01',77086350.76,15,'Colegio de Médicos y Cirujanos','9/24/2025',1000072);
INSERT INTO Medico(RFC,Nombre,Paterno,Materno,Calle,NumeroExterior,NumeroInterior,Colonia,Estado,Dia,Entrada,Salida,Salario,IdSucursal,InstitucionEgreso,VigenciaCertificacion,CedulaProfesional) VALUES ('APFF9111032Z1','Darnall','Fanthome','Caghan','Callejón de los Sapos',71,27,'San José','Campeche','Jueves','18:48','02:48',68136657.47,148,'Instituto de Salud Pública','5/31/2027',1000073);
INSERT INTO Medico(RFC,Nombre,Paterno,Materno,Calle,NumeroExterior,NumeroInterior,Colonia,Estado,Dia,Entrada,Salida,Salario,IdSucursal,InstitucionEgreso,VigenciaCertificacion,CedulaProfesional) VALUES ('GIPP560622062','Merry','Matuszkiewicz','Wimmer','Zaragoza',66,11,'Bosques de Chapultepec','Oaxaca','Miercoles','19:47','03:47',93218873.02,104,'Centro de Estudios Médicos Avanzados','9/2/2023',1000074);
INSERT INTO Medico(RFC,Nombre,Paterno,Materno,Calle,NumeroExterior,NumeroInterior,Colonia,Estado,Dia,Entrada,Salida,Salario,IdSucursal,InstitucionEgreso,VigenciaCertificacion,CedulaProfesional) VALUES ('CPSE561223V90','Biddy','Rowles','Hasard','Gutiérrez',5,15,'El Paraíso','Oaxaca','Jueves','11:31','19:31',18806374.39,120,'Facultad de Medicina y Cirugía','10/4/2023',1000075);
INSERT INTO Medico(RFC,Nombre,Paterno,Materno,Calle,NumeroExterior,NumeroInterior,Colonia,Estado,Dia,Entrada,Salida,Salario,IdSucursal,InstitucionEgreso,VigenciaCertificacion,CedulaProfesional) VALUES ('DMFZ990226OX6','Dan','Whiterod','Bertelsen','Juárez',77,32,'San José','Guanajuato','Martes','17:50','01:50',84776161.7,29,'Hospital Universitario de Medicina','6/21/2023',1000076);
INSERT INTO Medico(RFC,Nombre,Paterno,Materno,Calle,NumeroExterior,NumeroInterior,Colonia,Estado,Dia,Entrada,Salida,Salario,IdSucursal,InstitucionEgreso,VigenciaCertificacion,CedulaProfesional) VALUES ('NJCW590704LO2','Corella','Fursland','Le feaver','Zaragoza',58,75,'San Miguel','Sinaloa','Domingo','21:49','05:49',57367129.66,149,'Instituto de Investigación Médica','12/25/2021',1000077);
INSERT INTO Medico(RFC,Nombre,Paterno,Materno,Calle,NumeroExterior,NumeroInterior,Colonia,Estado,Dia,Entrada,Salida,Salario,IdSucursal,InstitucionEgreso,VigenciaCertificacion,CedulaProfesional) VALUES ('EAAX450911888','Valaree','McCowen','Mapledorum','Benito Juárez',57,86,'Valle Verde','Campeche','Martes','6:55','14:55',58666174.97,47,'Instituto de Salud Pública','9/24/2024',1000078);
INSERT INTO Medico(RFC,Nombre,Paterno,Materno,Calle,NumeroExterior,NumeroInterior,Colonia,Estado,Dia,Entrada,Salida,Salario,IdSucursal,InstitucionEgreso,VigenciaCertificacion,CedulaProfesional) VALUES ('YPRC520405C98','Beret','Edgcombe','Reven','Carranza',2,7,'San José','Tamaulipas','Miercoles','8:25','16:25',57251194.72,112,'Hospital Universitario de Medicina','12/17/2030',1000079);
INSERT INTO Medico(RFC,Nombre,Paterno,Materno,Calle,NumeroExterior,NumeroInterior,Colonia,Estado,Dia,Entrada,Salida,Salario,IdSucursal,InstitucionEgreso,VigenciaCertificacion,CedulaProfesional) VALUES ('NODV2309092M9','Jenni','Twinberrow','O''Collopy','Gutiérrez',44,75,'La Aurora','Baja California','Lunes','5:05','13:05',6762463.18,124,'Colegio de Médicos y Cirujanos','12/19/2027',1000080);
INSERT INTO Medico(RFC,Nombre,Paterno,Materno,Calle,NumeroExterior,NumeroInterior,Colonia,Estado,Dia,Entrada,Salida,Salario,IdSucursal,InstitucionEgreso,VigenciaCertificacion,CedulaProfesional) VALUES ('ZVCW250523268','Lewie','Fredy','Menichino','Callejón de la Amargura',35,1,'Valle Verde','Campeche','Jueves','4:08','12:08',47590781.76,37,'Universidad Nacional de Medicina','9/9/2027',1000081);
INSERT INTO Medico(RFC,Nombre,Paterno,Materno,Calle,NumeroExterior,NumeroInterior,Colonia,Estado,Dia,Entrada,Salida,Salario,IdSucursal,InstitucionEgreso,VigenciaCertificacion,CedulaProfesional) VALUES ('GHDD6612059F6','Isiahi','Shovelin','Pengilley','Callejón de la Condesa',28,72,'San José','Puebla','Lunes','17:01','01:01',77592829.14,17,'Escuela de Medicina y Ciencias de la Salud','12/23/2027',1000082);
INSERT INTO Medico(RFC,Nombre,Paterno,Materno,Calle,NumeroExterior,NumeroInterior,Colonia,Estado,Dia,Entrada,Salida,Salario,IdSucursal,InstitucionEgreso,VigenciaCertificacion,CedulaProfesional) VALUES ('JTBU1210202B8','Gary','Lundbeck','Santus','Independencia',95,10,'Los Pinos','Durango','Lunes','18:10','02:10',79313020.49,19,'Instituto de Salud Pública','7/25/2029',1000083);
INSERT INTO Medico(RFC,Nombre,Paterno,Materno,Calle,NumeroExterior,NumeroInterior,Colonia,Estado,Dia,Entrada,Salida,Salario,IdSucursal,InstitucionEgreso,VigenciaCertificacion,CedulaProfesional) VALUES ('EXMU711004498','Eugen','Fulop','Sainsberry','Obregón',12,60,'La Primavera','Nayarit','Sabado','6:36','14:36',62016400.4,22,'Hospital Universitario de Medicina','11/2/2030',1000084);
INSERT INTO Medico(RFC,Nombre,Paterno,Materno,Calle,NumeroExterior,NumeroInterior,Colonia,Estado,Dia,Entrada,Salida,Salario,IdSucursal,InstitucionEgreso,VigenciaCertificacion,CedulaProfesional) VALUES ('ZXYP781111571','Rea','Thurling','Loker','Callejón de la Condesa',59,42,'El Paraíso','Sinaloa','Miercoles','16:33','00:33',87291354.75,102,'Instituto de Investigación Médica','1/23/2029',1000085);
INSERT INTO Medico(RFC,Nombre,Paterno,Materno,Calle,NumeroExterior,NumeroInterior,Colonia,Estado,Dia,Entrada,Salida,Salario,IdSucursal,InstitucionEgreso,VigenciaCertificacion,CedulaProfesional) VALUES ('JSWM880612XZ6','Korrie','Mainland','Quartermaine','Callejón del Beso',73,89,'San Miguel','Tamaulipas','Miercoles','21:17','05:17',65197429.04,99,'Facultad de Medicina y Cirugía','12/15/2022',1000086);
INSERT INTO Medico(RFC,Nombre,Paterno,Materno,Calle,NumeroExterior,NumeroInterior,Colonia,Estado,Dia,Entrada,Salida,Salario,IdSucursal,InstitucionEgreso,VigenciaCertificacion,CedulaProfesional) VALUES ('CKKJ651112641','Evey','Timmes','Monkton','Independencia',94,59,'Los Pinos','Querétaro','Jueves','3:03','11:03',97558367.78,36,'Facultad de Medicina y Cirugía','8/8/2021',1000087);
INSERT INTO Medico(RFC,Nombre,Paterno,Materno,Calle,NumeroExterior,NumeroInterior,Colonia,Estado,Dia,Entrada,Salida,Salario,IdSucursal,InstitucionEgreso,VigenciaCertificacion,CedulaProfesional) VALUES ('ISFS200302R77','Sean','Ganforth','Pascho','Callejón de la Amargura',54,27,'Las Palmas','Campeche','Lunes','6:20','14:20',95199948.42,65,'Escuela de Medicina y Ciencias de la Salud','9/24/2029',1000088);
INSERT INTO Medico(RFC,Nombre,Paterno,Materno,Calle,NumeroExterior,NumeroInterior,Colonia,Estado,Dia,Entrada,Salida,Salario,IdSucursal,InstitucionEgreso,VigenciaCertificacion,CedulaProfesional) VALUES ('FODS301007324','Jo ann','Adamini','Tallach','López Mateos',37,46,'El Paraíso','Campeche','Martes','13:26','21:26',11462942.73,131,'Centro de Estudios Médicos Avanzados','10/14/2029',1000089);
INSERT INTO Medico(RFC,Nombre,Paterno,Materno,Calle,NumeroExterior,NumeroInterior,Colonia,Estado,Dia,Entrada,Salida,Salario,IdSucursal,InstitucionEgreso,VigenciaCertificacion,CedulaProfesional) VALUES ('WJMN210821N34','Carri','Stackbridge','Mangham','Callejón de la Condesa',66,81,'San Miguel','Puebla','Sabado','0:30','08:30',71884146.62,27,'Universidad Nacional de Medicina','9/27/2027',1000090);
INSERT INTO Medico(RFC,Nombre,Paterno,Materno,Calle,NumeroExterior,NumeroInterior,Colonia,Estado,Dia,Entrada,Salida,Salario,IdSucursal,InstitucionEgreso,VigenciaCertificacion,CedulaProfesional) VALUES ('JUZW070225C19','Malissia','Beazleigh','Blasing','González',59,46,'Bosques de Chapultepec','Guanajuato','Jueves','15:06','23:06',64821259.25,18,'Centro de Estudios Médicos Avanzados','8/23/2023',1000091);
INSERT INTO Medico(RFC,Nombre,Paterno,Materno,Calle,NumeroExterior,NumeroInterior,Colonia,Estado,Dia,Entrada,Salida,Salario,IdSucursal,InstitucionEgreso,VigenciaCertificacion,CedulaProfesional) VALUES ('EULL7810069B1','Raye','Rodmell','Turney','Revolución',5,4,'San José','Sinaloa','Domingo','4:57','12:57',90684819.83,79,'Universidad Nacional de Medicina','7/11/2021',1000092);
INSERT INTO Medico(RFC,Nombre,Paterno,Materno,Calle,NumeroExterior,NumeroInterior,Colonia,Estado,Dia,Entrada,Salida,Salario,IdSucursal,InstitucionEgreso,VigenciaCertificacion,CedulaProfesional) VALUES ('NIQB771206325','Benn','Blurton','D''Errico','Madero',99,30,'San José','Tamaulipas','Lunes','23:29','07:29',72672586.69,144,'Colegio de Médicos y Cirujanos','9/10/2026',1000093);
INSERT INTO Medico(RFC,Nombre,Paterno,Materno,Calle,NumeroExterior,NumeroInterior,Colonia,Estado,Dia,Entrada,Salida,Salario,IdSucursal,InstitucionEgreso,VigenciaCertificacion,CedulaProfesional) VALUES ('BEEH4012177X4','Gustavo','Reace','Wink','Morelos',17,38,'El Paraíso','Sinaloa','Miercoles','11:14','19:14',23276770.19,128,'Universidad Nacional de Medicina','9/11/2030',1000094);
INSERT INTO Medico(RFC,Nombre,Paterno,Materno,Calle,NumeroExterior,NumeroInterior,Colonia,Estado,Dia,Entrada,Salida,Salario,IdSucursal,InstitucionEgreso,VigenciaCertificacion,CedulaProfesional) VALUES ('UASH871003542','Tybi','Gatlin','Marven','Independencia',54,32,'La Primavera','Hidalgo','Lunes','11:49','19:49',92837836.73,141,'Hospital Universitario de Medicina','9/24/2029',1000095);
INSERT INTO Medico(RFC,Nombre,Paterno,Materno,Calle,NumeroExterior,NumeroInterior,Colonia,Estado,Dia,Entrada,Salida,Salario,IdSucursal,InstitucionEgreso,VigenciaCertificacion,CedulaProfesional) VALUES ('HMUR4212022Z4','Darcy','Martinovic','Breissan','Callejón de los Sapos',15,25,'Los Pinos','Campeche','Lunes','22:27','06:27',61985210.42,63,'Centro de Estudios Médicos Avanzados','12/14/2023',1000096);
INSERT INTO Medico(RFC,Nombre,Paterno,Materno,Calle,NumeroExterior,NumeroInterior,Colonia,Estado,Dia,Entrada,Salida,Salario,IdSucursal,InstitucionEgreso,VigenciaCertificacion,CedulaProfesional) VALUES ('KISV6102089N9','Inesita','Novotni','Burrill','Gutiérrez',36,41,'La Primavera','Sinaloa','Jueves','5:52','13:52',58664050.79,75,'Instituto de Investigación Médica','1/26/2029',1000097);
INSERT INTO Medico(RFC,Nombre,Paterno,Materno,Calle,NumeroExterior,NumeroInterior,Colonia,Estado,Dia,Entrada,Salida,Salario,IdSucursal,InstitucionEgreso,VigenciaCertificacion,CedulaProfesional) VALUES ('QAOL381210LN3','Gerard','Kiff','Denisyev','Revolución',23,5,'Bosques de Chapultepec','Querétaro','Lunes','10:42','18:42',51468583.29,92,'Instituto de Salud Pública','5/25/2021',1000098);
INSERT INTO Medico(RFC,Nombre,Paterno,Materno,Calle,NumeroExterior,NumeroInterior,Colonia,Estado,Dia,Entrada,Salida,Salario,IdSucursal,InstitucionEgreso,VigenciaCertificacion,CedulaProfesional) VALUES ('KYDW571109113','Herbie','Grisley','Kemet','Juárez',20,88,'Bosques de Chapultepec','Querétaro','Domingo','15:28','23:28',23245289.2,93,'Escuela de Medicina y Ciencias de la Salud','3/1/2026',1000099);
INSERT INTO Medico(RFC,Nombre,Paterno,Materno,Calle,NumeroExterior,NumeroInterior,Colonia,Estado,Dia,Entrada,Salida,Salario,IdSucursal,InstitucionEgreso,VigenciaCertificacion,CedulaProfesional) VALUES ('VOIE780308R34','Ariana','Baudrey','Thaxton','Callejón del Beso',57,23,'Valle Verde','Oaxaca','Lunes','1:40','09:40',25076040.84,86,'Colegio de Médicos y Cirujanos','8/19/2025',1000100);
INSERT INTO Medico(RFC,Nombre,Paterno,Materno,Calle,NumeroExterior,NumeroInterior,Colonia,Estado,Dia,Entrada,Salida,Salario,IdSucursal,InstitucionEgreso,VigenciaCertificacion,CedulaProfesional) VALUES ('OAGJ071206N03','Renelle','Cornthwaite','Nowakowski','Callejón de la Condesa',6,91,'Bosques de Chapultepec','Campeche','Miercoles','20:40','04:40',54958159.2,100,'Hospital Universitario de Medicina','5/1/2030',1000101);
INSERT INTO Medico(RFC,Nombre,Paterno,Materno,Calle,NumeroExterior,NumeroInterior,Colonia,Estado,Dia,Entrada,Salida,Salario,IdSucursal,InstitucionEgreso,VigenciaCertificacion,CedulaProfesional) VALUES ('PHPR651207582','Aurlie','Schole','Umney','Obregón',71,53,'Villa de las Flores','Guanajuato','Domingo','6:22','14:22',96764157.36,148,'Escuela de Medicina y Ciencias de la Salud','3/18/2023',1000102);
INSERT INTO Medico(RFC,Nombre,Paterno,Materno,Calle,NumeroExterior,NumeroInterior,Colonia,Estado,Dia,Entrada,Salida,Salario,IdSucursal,InstitucionEgreso,VigenciaCertificacion,CedulaProfesional) VALUES ('JZPZ830605L07','Marion','Timpany','Beech','Gutiérrez',22,15,'San Pedro','Baja California','Jueves','1:16','09:16',26343677.15,136,'Escuela Superior de Ciencias de la Salud','5/28/2026',1000103);
INSERT INTO Medico(RFC,Nombre,Paterno,Materno,Calle,NumeroExterior,NumeroInterior,Colonia,Estado,Dia,Entrada,Salida,Salario,IdSucursal,InstitucionEgreso,VigenciaCertificacion,CedulaProfesional) VALUES ('IXPY230404EN7','Silvester','Coggles','Creasey','Independencia',18,53,'El Paraíso','Aguascalientes','Jueves','11:12','19:12',76854961.1,69,'Instituto de Salud Pública','4/29/2028',1000104);
INSERT INTO Medico(RFC,Nombre,Paterno,Materno,Calle,NumeroExterior,NumeroInterior,Colonia,Estado,Dia,Entrada,Salida,Salario,IdSucursal,InstitucionEgreso,VigenciaCertificacion,CedulaProfesional) VALUES ('HIKE141118SU5','Sammie','Pannaman','Pray','Carranza',67,29,'Las Palmas','Durango','Sabado','2:38','10:38',68898235.56,100,'Centro de Estudios Médicos Avanzados','7/1/2021',1000105);
INSERT INTO Medico(RFC,Nombre,Paterno,Materno,Calle,NumeroExterior,NumeroInterior,Colonia,Estado,Dia,Entrada,Salida,Salario,IdSucursal,InstitucionEgreso,VigenciaCertificacion,CedulaProfesional) VALUES ('DMQA410209L22','Clemmy','Baudassi','Coughlan','Hidalgo',78,24,'San Pedro','Aguascalientes','Sabado','0:08','08:08',12984048.31,132,'Colegio de Médicos y Cirujanos','8/4/2030',1000106);
INSERT INTO Medico(RFC,Nombre,Paterno,Materno,Calle,NumeroExterior,NumeroInterior,Colonia,Estado,Dia,Entrada,Salida,Salario,IdSucursal,InstitucionEgreso,VigenciaCertificacion,CedulaProfesional) VALUES ('WJHT8411017Z8','Beryle','Evreux','McGinly','Carranza',29,4,'San Miguel','Nayarit','Lunes','3:33','11:33',45779175.64,70,'Hospital Universitario de Medicina','5/11/2030',1000107);
INSERT INTO Medico(RFC,Nombre,Paterno,Materno,Calle,NumeroExterior,NumeroInterior,Colonia,Estado,Dia,Entrada,Salida,Salario,IdSucursal,InstitucionEgreso,VigenciaCertificacion,CedulaProfesional) VALUES ('DUIU370108H38','Giacobo','Mussett','O''Doherty','Independencia',99,1,'Valle Verde','Guanajuato','Jueves','10:18','18:18',58071433.45,109,'Universidad Nacional de Medicina','6/16/2022',1000108);
INSERT INTO Medico(RFC,Nombre,Paterno,Materno,Calle,NumeroExterior,NumeroInterior,Colonia,Estado,Dia,Entrada,Salida,Salario,IdSucursal,InstitucionEgreso,VigenciaCertificacion,CedulaProfesional) VALUES ('GAQM731008W64','Dick','Reichartz','Casaccio','Callejón del Beso',36,29,'Santa Cruz','Oaxaca','Domingo','20:47','04:47',93150400.69,105,'Facultad de Medicina y Cirugía','12/7/2029',1000109);
INSERT INTO Medico(RFC,Nombre,Paterno,Materno,Calle,NumeroExterior,NumeroInterior,Colonia,Estado,Dia,Entrada,Salida,Salario,IdSucursal,InstitucionEgreso,VigenciaCertificacion,CedulaProfesional) VALUES ('ZNNE231123476','Josie','Blanche','Scalera','Morelos',30,26,'Villa de las Flores','Aguascalientes','Jueves','4:49','12:49',6203690.0,47,'Colegio de Médicos y Cirujanos','3/1/2028',1000110);
INSERT INTO Medico(RFC,Nombre,Paterno,Materno,Calle,NumeroExterior,NumeroInterior,Colonia,Estado,Dia,Entrada,Salida,Salario,IdSucursal,InstitucionEgreso,VigenciaCertificacion,CedulaProfesional) VALUES ('KTWJ0912170I9','Shayna','Knevit','Pigrome','Allende',61,22,'Bosques de Chapultepec','Nayarit','Martes','14:31','22:31',5984651.48,82,'Instituto de Salud Pública','1/19/2028',1000111);
INSERT INTO Medico(RFC,Nombre,Paterno,Materno,Calle,NumeroExterior,NumeroInterior,Colonia,Estado,Dia,Entrada,Salida,Salario,IdSucursal,InstitucionEgreso,VigenciaCertificacion,CedulaProfesional) VALUES ('IEGO111002695','Delmar','Babington','Caughey','Guerrero',12,90,'El Paraíso','Campeche','Miercoles','2:07','10:07',71795455.57,93,'Centro de Estudios Médicos Avanzados','11/3/2030',1000112);
INSERT INTO Medico(RFC,Nombre,Paterno,Materno,Calle,NumeroExterior,NumeroInterior,Colonia,Estado,Dia,Entrada,Salida,Salario,IdSucursal,InstitucionEgreso,VigenciaCertificacion,CedulaProfesional) VALUES ('UIDC101006180','Elonore','Knifton','Darey','Juárez',20,19,'Villa de las Flores','Jalisco','Domingo','2:39','10:39',84493307.34,36,'Universidad Nacional de Medicina','12/2/2021',1000113);
INSERT INTO Medico(RFC,Nombre,Paterno,Materno,Calle,NumeroExterior,NumeroInterior,Colonia,Estado,Dia,Entrada,Salida,Salario,IdSucursal,InstitucionEgreso,VigenciaCertificacion,CedulaProfesional) VALUES ('BPKQ671024M06','Blanca','Megroff','Bumford','Morelos',23,33,'San Pedro','Baja California','Martes','12:53','20:53',21642266.74,148,'Instituto Nacional de Ciencias de la Salud','9/27/2023',1000114);
INSERT INTO Medico(RFC,Nombre,Paterno,Materno,Calle,NumeroExterior,NumeroInterior,Colonia,Estado,Dia,Entrada,Salida,Salario,IdSucursal,InstitucionEgreso,VigenciaCertificacion,CedulaProfesional) VALUES ('VJBH361116AR6','Sydney','Hovenden','Frondt','Juárez',15,45,'La Primavera','Hidalgo','Jueves','20:48','04:48',94541366.75,124,'Universidad Nacional de Medicina','1/14/2026',1000115);
INSERT INTO Medico(RFC,Nombre,Paterno,Materno,Calle,NumeroExterior,NumeroInterior,Colonia,Estado,Dia,Entrada,Salida,Salario,IdSucursal,InstitucionEgreso,VigenciaCertificacion,CedulaProfesional) VALUES ('AQIT870806102','Florenza','Niblett','Saleway','Hidalgo',38,79,'El Rosario','Oaxaca','Sabado','1:16','09:16',34209589.84,60,'Instituto Nacional de Ciencias de la Salud','9/4/2029',1000116);
INSERT INTO Medico(RFC,Nombre,Paterno,Materno,Calle,NumeroExterior,NumeroInterior,Colonia,Estado,Dia,Entrada,Salida,Salario,IdSucursal,InstitucionEgreso,VigenciaCertificacion,CedulaProfesional) VALUES ('HBVL560401O19','Aleen','De Hailes','Bordessa','Independencia',99,71,'El Paraíso','Tamaulipas','Miercoles','4:51','12:51',82180219.39,130,'Instituto Nacional de Ciencias de la Salud','6/24/2027',1000117);
INSERT INTO Medico(RFC,Nombre,Paterno,Materno,Calle,NumeroExterior,NumeroInterior,Colonia,Estado,Dia,Entrada,Salida,Salario,IdSucursal,InstitucionEgreso,VigenciaCertificacion,CedulaProfesional) VALUES ('PSXC731225NZ5','Murial','Petrescu','Vivyan','Juárez',93,24,'Villa de las Flores','Puebla','Domingo','22:59','06:59',96205407.83,64,'Escuela de Medicina y Ciencias de la Salud','9/12/2023',1000118);
INSERT INTO Medico(RFC,Nombre,Paterno,Materno,Calle,NumeroExterior,NumeroInterior,Colonia,Estado,Dia,Entrada,Salida,Salario,IdSucursal,InstitucionEgreso,VigenciaCertificacion,CedulaProfesional) VALUES ('OOZI040506787','Brianna','Areles','Hobbema','Morelos',44,1,'La Esperanza','Querétaro','Domingo','1:49','09:49',36200912.81,33,'Facultad de Medicina y Cirugía','3/3/2024',1000119);
INSERT INTO Medico(RFC,Nombre,Paterno,Materno,Calle,NumeroExterior,NumeroInterior,Colonia,Estado,Dia,Entrada,Salida,Salario,IdSucursal,InstitucionEgreso,VigenciaCertificacion,CedulaProfesional) VALUES ('TOLF350525G45','Winston','Darth','Botten','Juárez',85,33,'San José','Baja California','Lunes','10:23','18:23',20983361.15,134,'Hospital Universitario de Medicina','12/11/2027',1000120);
INSERT INTO Medico(RFC,Nombre,Paterno,Materno,Calle,NumeroExterior,NumeroInterior,Colonia,Estado,Dia,Entrada,Salida,Salario,IdSucursal,InstitucionEgreso,VigenciaCertificacion,CedulaProfesional) VALUES ('ONGK001120003','Kylila','Foy','Kenset','Juárez',47,32,'La Joya','Hidalgo','Jueves','5:10','13:10',53526888.9,30,'Colegio de Médicos y Cirujanos','7/28/2028',1000121);
INSERT INTO Medico(RFC,Nombre,Paterno,Materno,Calle,NumeroExterior,NumeroInterior,Colonia,Estado,Dia,Entrada,Salida,Salario,IdSucursal,InstitucionEgreso,VigenciaCertificacion,CedulaProfesional) VALUES ('FNSH2704099G2','Robinet','Gedling','Mace','Benito Juárez',83,84,'La Joya','Sinaloa','Domingo','22:11','06:11',99670926.54,59,'Escuela Superior de Ciencias de la Salud','6/3/2026',1000122);
INSERT INTO Medico(RFC,Nombre,Paterno,Materno,Calle,NumeroExterior,NumeroInterior,Colonia,Estado,Dia,Entrada,Salida,Salario,IdSucursal,InstitucionEgreso,VigenciaCertificacion,CedulaProfesional) VALUES ('OPLT080222OD5','Nona','O''Deoran','Agnolo','Callejón de la Amargura',72,4,'Bosques de Chapultepec','Oaxaca','Martes','3:42','11:42',77036224.89,71,'Colegio de Médicos y Cirujanos','10/30/2025',1000123);
INSERT INTO Medico(RFC,Nombre,Paterno,Materno,Calle,NumeroExterior,NumeroInterior,Colonia,Estado,Dia,Entrada,Salida,Salario,IdSucursal,InstitucionEgreso,VigenciaCertificacion,CedulaProfesional) VALUES ('KAPV081212R30','Claudell','Linsay','Spurling','Madero',40,100,'El Paraíso','Tamaulipas','Domingo','18:57','02:57',39194808.23,65,'Centro de Estudios Médicos Avanzados','12/31/2029',1000124);
INSERT INTO Medico(RFC,Nombre,Paterno,Materno,Calle,NumeroExterior,NumeroInterior,Colonia,Estado,Dia,Entrada,Salida,Salario,IdSucursal,InstitucionEgreso,VigenciaCertificacion,CedulaProfesional) VALUES ('BEGF120225J31','Silvanus','De Domenico','Standfield','Morelos',85,28,'Bosques de Chapultepec','Guanajuato','Domingo','23:34','07:34',58206424.19,106,'Universidad Nacional de Medicina','5/4/2024',1000125);
INSERT INTO Medico(RFC,Nombre,Paterno,Materno,Calle,NumeroExterior,NumeroInterior,Colonia,Estado,Dia,Entrada,Salida,Salario,IdSucursal,InstitucionEgreso,VigenciaCertificacion,CedulaProfesional) VALUES ('TYHA551218LO1','Deb','Garlant','Birt','Revolución',95,39,'Valle Verde','Durango','Martes','20:26','04:26',35187470.55,121,'Centro de Estudios Médicos Avanzados','12/19/2024',1000126);
INSERT INTO Medico(RFC,Nombre,Paterno,Materno,Calle,NumeroExterior,NumeroInterior,Colonia,Estado,Dia,Entrada,Salida,Salario,IdSucursal,InstitucionEgreso,VigenciaCertificacion,CedulaProfesional) VALUES ('VTPW420406JV5','Devora','Vowdon','Edgler','López Mateos',91,64,'Los Pinos','Aguascalientes','Miercoles','13:11','21:11',28753082.4,19,'Facultad de Medicina y Cirugía','4/11/2030',1000127);
INSERT INTO Medico(RFC,Nombre,Paterno,Materno,Calle,NumeroExterior,NumeroInterior,Colonia,Estado,Dia,Entrada,Salida,Salario,IdSucursal,InstitucionEgreso,VigenciaCertificacion,CedulaProfesional) VALUES ('IBYE6710179R7','Ivor','Beller','Parlor','Juárez',55,52,'La Esperanza','Michoacán','Sabado','5:07','13:07',43182381.76,25,'Colegio de Médicos y Cirujanos','7/16/2028',1000128);
INSERT INTO Medico(RFC,Nombre,Paterno,Materno,Calle,NumeroExterior,NumeroInterior,Colonia,Estado,Dia,Entrada,Salida,Salario,IdSucursal,InstitucionEgreso,VigenciaCertificacion,CedulaProfesional) VALUES ('CGVQ450204797','Fidelio','McShane','Millwall','Revolución',99,3,'Villa de las Flores','Michoacán','Domingo','5:39','13:39',77827439.51,37,'Hospital Universitario de Medicina','7/6/2026',1000129);
INSERT INTO Medico(RFC,Nombre,Paterno,Materno,Calle,NumeroExterior,NumeroInterior,Colonia,Estado,Dia,Entrada,Salida,Salario,IdSucursal,InstitucionEgreso,VigenciaCertificacion,CedulaProfesional) VALUES ('SYHB6811015I3','Paco','McCullouch','Kettley','Allende',3,91,'Bosques de Chapultepec','Campeche','Domingo','12:19','20:19',5210313.72,67,'Instituto de Salud Pública','11/17/2021',1000130);
INSERT INTO Medico(RFC,Nombre,Paterno,Materno,Calle,NumeroExterior,NumeroInterior,Colonia,Estado,Dia,Entrada,Salida,Salario,IdSucursal,InstitucionEgreso,VigenciaCertificacion,CedulaProfesional) VALUES ('CNKL210707ZD7','Betsey','Juleff','Powner','López Mateos',93,5,'San José','Tamaulipas','Miercoles','8:47','16:47',72246188.55,106,'Universidad Nacional de Medicina','5/11/2023',1000131);
INSERT INTO Medico(RFC,Nombre,Paterno,Materno,Calle,NumeroExterior,NumeroInterior,Colonia,Estado,Dia,Entrada,Salida,Salario,IdSucursal,InstitucionEgreso,VigenciaCertificacion,CedulaProfesional) VALUES ('NRMR100305635','Duky','Vasentsov','Halligan','Callejón de la Condesa',30,33,'San José','Tamaulipas','Lunes','21:48','05:48',64500636.5,20,'Centro de Estudios Médicos Avanzados','10/12/2024',1000132);
INSERT INTO Medico(RFC,Nombre,Paterno,Materno,Calle,NumeroExterior,NumeroInterior,Colonia,Estado,Dia,Entrada,Salida,Salario,IdSucursal,InstitucionEgreso,VigenciaCertificacion,CedulaProfesional) VALUES ('QGGR521203075','Addy','Chapling','Mathivat','López Mateos',55,57,'La Aurora','Durango','Sabado','4:36','12:36',95820923.03,109,'Instituto de Investigación Médica','9/29/2028',1000133);
INSERT INTO Medico(RFC,Nombre,Paterno,Materno,Calle,NumeroExterior,NumeroInterior,Colonia,Estado,Dia,Entrada,Salida,Salario,IdSucursal,InstitucionEgreso,VigenciaCertificacion,CedulaProfesional) VALUES ('KCOH4301010Y9','Gustave','Gokes','Meekins','Hidalgo',2,38,'Santa Cruz','Baja California','Domingo','19:12','03:12',5205424.45,77,'Escuela de Medicina y Ciencias de la Salud','11/10/2029',1000134);
INSERT INTO Medico(RFC,Nombre,Paterno,Materno,Calle,NumeroExterior,NumeroInterior,Colonia,Estado,Dia,Entrada,Salida,Salario,IdSucursal,InstitucionEgreso,VigenciaCertificacion,CedulaProfesional) VALUES ('JOEM0605017K7','Agnella','Lingfoot','MattiCCI','Madero',42,51,'San Pedro','Oaxaca','Martes','5:18','13:18',7231599.27,106,'Centro de Estudios Médicos Avanzados','4/10/2029',1000135);
INSERT INTO Medico(RFC,Nombre,Paterno,Materno,Calle,NumeroExterior,NumeroInterior,Colonia,Estado,Dia,Entrada,Salida,Salario,IdSucursal,InstitucionEgreso,VigenciaCertificacion,CedulaProfesional) VALUES ('XBHI7710116F3','Staffard','Doy','McGroarty','Pino Suárez',56,83,'Los Pinos','Hidalgo','Jueves','18:11','02:11',17150833.52,30,'Instituto Nacional de Ciencias de la Salud','12/18/2026',1000136);
INSERT INTO Medico(RFC,Nombre,Paterno,Materno,Calle,NumeroExterior,NumeroInterior,Colonia,Estado,Dia,Entrada,Salida,Salario,IdSucursal,InstitucionEgreso,VigenciaCertificacion,CedulaProfesional) VALUES ('RPWF100901DB7','Frank','De Ambrosi','Syphus','Hidalgo',26,83,'La Joya','Michoacán','Lunes','1:42','09:42',93302896.58,103,'Facultad de Medicina y Cirugía','8/31/2021',1000137);
INSERT INTO Medico(RFC,Nombre,Paterno,Materno,Calle,NumeroExterior,NumeroInterior,Colonia,Estado,Dia,Entrada,Salida,Salario,IdSucursal,InstitucionEgreso,VigenciaCertificacion,CedulaProfesional) VALUES ('OATP5810282Y5','Melessa','Lunbech','Fleury','Morelos',42,65,'Valle Verde','Tamaulipas','Domingo','16:14','00:14',29823024.75,145,'Centro de Estudios Médicos Avanzados','8/15/2026',1000138);
INSERT INTO Medico(RFC,Nombre,Paterno,Materno,Calle,NumeroExterior,NumeroInterior,Colonia,Estado,Dia,Entrada,Salida,Salario,IdSucursal,InstitucionEgreso,VigenciaCertificacion,CedulaProfesional) VALUES ('RTRS641007CM3','Nedda','Harber','Wardhough','Callejón de los Sapos',58,100,'El Rosario','Hidalgo','Martes','15:56','23:56',42715163.4,84,'Instituto Nacional de Ciencias de la Salud','3/11/2027',1000139);
INSERT INTO Medico(RFC,Nombre,Paterno,Materno,Calle,NumeroExterior,NumeroInterior,Colonia,Estado,Dia,Entrada,Salida,Salario,IdSucursal,InstitucionEgreso,VigenciaCertificacion,CedulaProfesional) VALUES ('OQYS9012034R4','Rae','Fantham','Entissle','González',68,96,'Santa Cruz','Oaxaca','Domingo','10:25','18:25',55405811.08,17,'Hospital Universitario de Medicina','11/24/2026',1000140);
INSERT INTO Medico(RFC,Nombre,Paterno,Materno,Calle,NumeroExterior,NumeroInterior,Colonia,Estado,Dia,Entrada,Salida,Salario,IdSucursal,InstitucionEgreso,VigenciaCertificacion,CedulaProfesional) VALUES ('FSNF341017XY3','Dalston','Edge','Headon','López Mateos',30,94,'San José','Michoacán','Lunes','17:33','01:33',40602538.87,107,'Escuela de Medicina y Ciencias de la Salud','8/2/2023',1000141);
INSERT INTO Medico(RFC,Nombre,Paterno,Materno,Calle,NumeroExterior,NumeroInterior,Colonia,Estado,Dia,Entrada,Salida,Salario,IdSucursal,InstitucionEgreso,VigenciaCertificacion,CedulaProfesional) VALUES ('UKUL780401001','Leshia','Thaim','Lorenc','Callejón de la Condesa',85,17,'San José','Jalisco','Sabado','5:02','13:02',22862084.19,108,'Colegio de Médicos y Cirujanos','10/21/2030',1000142);
INSERT INTO Medico(RFC,Nombre,Paterno,Materno,Calle,NumeroExterior,NumeroInterior,Colonia,Estado,Dia,Entrada,Salida,Salario,IdSucursal,InstitucionEgreso,VigenciaCertificacion,CedulaProfesional) VALUES ('OEBT051203794','Henka','Leatherborrow','Felten','Revolución',29,48,'Los Pinos','Baja California','Lunes','5:52','13:52',70463904.68,51,'Colegio de Médicos y Cirujanos','7/7/2021',1000143);
INSERT INTO Medico(RFC,Nombre,Paterno,Materno,Calle,NumeroExterior,NumeroInterior,Colonia,Estado,Dia,Entrada,Salida,Salario,IdSucursal,InstitucionEgreso,VigenciaCertificacion,CedulaProfesional) VALUES ('MGXT7005090V5','Walker','Noli','Margett','Revolución',42,26,'Villa de las Flores','Tamaulipas','Lunes','17:28','01:28',62750799.96,142,'Colegio de Médicos y Cirujanos','2/12/2021',1000144);
INSERT INTO Medico(RFC,Nombre,Paterno,Materno,Calle,NumeroExterior,NumeroInterior,Colonia,Estado,Dia,Entrada,Salida,Salario,IdSucursal,InstitucionEgreso,VigenciaCertificacion,CedulaProfesional) VALUES ('HRIE730206PX4','Issy','Fraulo','Oxenden','González',92,14,'La Aurora','Campeche','Martes','14:24','22:24',74427791.41,98,'Centro de Estudios Médicos Avanzados','11/29/2021',1000145);
INSERT INTO Medico(RFC,Nombre,Paterno,Materno,Calle,NumeroExterior,NumeroInterior,Colonia,Estado,Dia,Entrada,Salida,Salario,IdSucursal,InstitucionEgreso,VigenciaCertificacion,CedulaProfesional) VALUES ('HRBB9410201O1','Grace','Osan','Danniell','Hidalgo',12,59,'Bosques de Chapultepec','Baja California','Sabado','7:23','15:23',2973333.34,138,'Instituto Nacional de Ciencias de la Salud','11/3/2029',1000146);
INSERT INTO Medico(RFC,Nombre,Paterno,Materno,Calle,NumeroExterior,NumeroInterior,Colonia,Estado,Dia,Entrada,Salida,Salario,IdSucursal,InstitucionEgreso,VigenciaCertificacion,CedulaProfesional) VALUES ('CBIG360903L64','Maddalena','Ivy','Addams','Allende',17,84,'San Miguel','Guanajuato','Jueves','5:11','13:11',91905336.83,58,'Instituto de Investigación Médica','8/22/2026',1000147);
INSERT INTO Medico(RFC,Nombre,Paterno,Materno,Calle,NumeroExterior,NumeroInterior,Colonia,Estado,Dia,Entrada,Salida,Salario,IdSucursal,InstitucionEgreso,VigenciaCertificacion,CedulaProfesional) VALUES ('GDAI211122532','Courtney','Possa','Beales','Revolución',96,95,'San Miguel','Jalisco','Lunes','2:04','10:04',12712256.68,8,'Escuela de Medicina y Ciencias de la Salud','4/16/2030',1000148);
INSERT INTO Medico(RFC,Nombre,Paterno,Materno,Calle,NumeroExterior,NumeroInterior,Colonia,Estado,Dia,Entrada,Salida,Salario,IdSucursal,InstitucionEgreso,VigenciaCertificacion,CedulaProfesional) VALUES ('UBQV390206Z37','Kenna','Pfaffe','Juszczyk','Zaragoza',30,61,'El Paraíso','Tamaulipas','Lunes','15:59','23:59',55001914.85,11,'Instituto Nacional de Ciencias de la Salud','2/13/2030',1000149);
INSERT INTO Medico(RFC,Nombre,Paterno,Materno,Calle,NumeroExterior,NumeroInterior,Colonia,Estado,Dia,Entrada,Salida,Salario,IdSucursal,InstitucionEgreso,VigenciaCertificacion,CedulaProfesional) VALUES ('SQYE521215K92','Kaitlin','McKinley','Follos','González',35,31,'Santa Cruz','Oaxaca','Martes','21:05','05:05',91865632.67,36,'Instituto de Salud Pública','10/5/2022',1000150);


--150 registros de la tabla Telefonos_Medico
INSERT INTO Telefonos_Medico(RFC,Telefono) VALUES ('OAGJ071206N03','+93673045385');
INSERT INTO Telefonos_Medico(RFC,Telefono) VALUES ('ARFG9402179B0','7990215298');
INSERT INTO Telefonos_Medico(RFC,Telefono) VALUES ('YTWK961212Q76','+98564341973');
INSERT INTO Telefonos_Medico(RFC,Telefono) VALUES ('ZPIX121107BK9','4974198879');
INSERT INTO Telefonos_Medico(RFC,Telefono) VALUES ('GVUV581207S35','2770944379');
INSERT INTO Telefonos_Medico(RFC,Telefono) VALUES ('BYGC5612147X2','2180528227');
INSERT INTO Telefonos_Medico(RFC,Telefono) VALUES ('ISFS200302R77','8499705002');
INSERT INTO Telefonos_Medico(RFC,Telefono) VALUES ('RMHA7401239N5','0206142486');
INSERT INTO Telefonos_Medico(RFC,Telefono) VALUES ('BYGC5612147X2','+0153324753464');
INSERT INTO Telefonos_Medico(RFC,Telefono) VALUES ('ZVCW250523268','4108211418');
INSERT INTO Telefonos_Medico(RFC,Telefono) VALUES ('PJSE580109965','+82536299379');
INSERT INTO Telefonos_Medico(RFC,Telefono) VALUES ('AQIT870806102','2201516819');
INSERT INTO Telefonos_Medico(RFC,Telefono) VALUES ('KUAV971026AK7','+7694934402574');
INSERT INTO Telefonos_Medico(RFC,Telefono) VALUES ('JDYV881101H44','0527352027');
INSERT INTO Telefonos_Medico(RFC,Telefono) VALUES ('ZVCW250523268','7669801913');
INSERT INTO Telefonos_Medico(RFC,Telefono) VALUES ('CSON2004221A4','+5476115374968');
INSERT INTO Telefonos_Medico(RFC,Telefono) VALUES ('CJOP650905629','+480299565109');
INSERT INTO Telefonos_Medico(RFC,Telefono) VALUES ('UKUL780401001','6552261801');
INSERT INTO Telefonos_Medico(RFC,Telefono) VALUES ('FBRG780409F16','7049070983');
INSERT INTO Telefonos_Medico(RFC,Telefono) VALUES ('NRMR100305635','+23904783893');
INSERT INTO Telefonos_Medico(RFC,Telefono) VALUES ('UBQV390206Z37','8510372068');
INSERT INTO Telefonos_Medico(RFC,Telefono) VALUES ('FNSH2704099G2','2862343393');
INSERT INTO Telefonos_Medico(RFC,Telefono) VALUES ('KNIA110413PL7','+6516468449306');
INSERT INTO Telefonos_Medico(RFC,Telefono) VALUES ('ARFG9402179B0','9018784298');
INSERT INTO Telefonos_Medico(RFC,Telefono) VALUES ('CKKJ651112641','2795629154');
INSERT INTO Telefonos_Medico(RFC,Telefono) VALUES ('QHGZ850604X82','+699576100451');
INSERT INTO Telefonos_Medico(RFC,Telefono) VALUES ('TYHA551218LO1','6616514839');
INSERT INTO Telefonos_Medico(RFC,Telefono) VALUES ('HBVL560401O19','6925461291');
INSERT INTO Telefonos_Medico(RFC,Telefono) VALUES ('UBQV390206Z37','5228359959');
INSERT INTO Telefonos_Medico(RFC,Telefono) VALUES ('KSQV071102LG4','6350505443');
INSERT INTO Telefonos_Medico(RFC,Telefono) VALUES ('IBYE6710179R7','+4826446104088');
INSERT INTO Telefonos_Medico(RFC,Telefono) VALUES ('JUZW070225C19','7564053438');
INSERT INTO Telefonos_Medico(RFC,Telefono) VALUES ('UBQV390206Z37','2833699492');
INSERT INTO Telefonos_Medico(RFC,Telefono) VALUES ('WLRA7806282A2','5172316153');
INSERT INTO Telefonos_Medico(RFC,Telefono) VALUES ('FSNF341017XY3','+95541651443');
INSERT INTO Telefonos_Medico(RFC,Telefono) VALUES ('VTPW420406JV5','+54361146454');
INSERT INTO Telefonos_Medico(RFC,Telefono) VALUES ('SDJY931208E48','+5075833122651');
INSERT INTO Telefonos_Medico(RFC,Telefono) VALUES ('ZNNE231123476','+167308689971');
INSERT INTO Telefonos_Medico(RFC,Telefono) VALUES ('ONGK001120003','+445440534528');
INSERT INTO Telefonos_Medico(RFC,Telefono) VALUES ('SMSD070813M27','8464176397');
INSERT INTO Telefonos_Medico(RFC,Telefono) VALUES ('HRBB9410201O1','8922401150');
INSERT INTO Telefonos_Medico(RFC,Telefono) VALUES ('SMTT951107G43','+153686475546');
INSERT INTO Telefonos_Medico(RFC,Telefono) VALUES ('KYDW571109113','7875131939');
INSERT INTO Telefonos_Medico(RFC,Telefono) VALUES ('OPXK250307F64','+04915913970');
INSERT INTO Telefonos_Medico(RFC,Telefono) VALUES ('KKNR281108TV4','+99817222946');
INSERT INTO Telefonos_Medico(RFC,Telefono) VALUES ('JCRH700525Z46','+35529741062');
INSERT INTO Telefonos_Medico(RFC,Telefono) VALUES ('FODS301007324','4611274312');
INSERT INTO Telefonos_Medico(RFC,Telefono) VALUES ('FNSH2704099G2','4715118988');
INSERT INTO Telefonos_Medico(RFC,Telefono) VALUES ('NJCW590704LO2','6674251058');
INSERT INTO Telefonos_Medico(RFC,Telefono) VALUES ('AQIT870806102','9403206584');
INSERT INTO Telefonos_Medico(RFC,Telefono) VALUES ('PJSE580109965','1214682837');
INSERT INTO Telefonos_Medico(RFC,Telefono) VALUES ('UASH871003542','+0705785970823');
INSERT INTO Telefonos_Medico(RFC,Telefono) VALUES ('LZPT750507Y80','+56031349923');
INSERT INTO Telefonos_Medico(RFC,Telefono) VALUES ('QLWY190810N39','2653065756');
INSERT INTO Telefonos_Medico(RFC,Telefono) VALUES ('KCOH4301010Y9','7808005244');
INSERT INTO Telefonos_Medico(RFC,Telefono) VALUES ('ZXYP781111571','5714381528');
INSERT INTO Telefonos_Medico(RFC,Telefono) VALUES ('UGQC701103V54','+856207844024');
INSERT INTO Telefonos_Medico(RFC,Telefono) VALUES ('VOIE780308R34','+07104939169');
INSERT INTO Telefonos_Medico(RFC,Telefono) VALUES ('FBRG780409F16','3381539022');
INSERT INTO Telefonos_Medico(RFC,Telefono) VALUES ('XBHI7710116F3','+29938297145');
INSERT INTO Telefonos_Medico(RFC,Telefono) VALUES ('FBRG780409F16','6823538015');
INSERT INTO Telefonos_Medico(RFC,Telefono) VALUES ('SYHB6811015I3','6172933971');
INSERT INTO Telefonos_Medico(RFC,Telefono) VALUES ('KAPV081212R30','+4000883133776');
INSERT INTO Telefonos_Medico(RFC,Telefono) VALUES ('HRIE730206PX4','5754194939');
INSERT INTO Telefonos_Medico(RFC,Telefono) VALUES ('INKO090409VK0','+1203896513620');
INSERT INTO Telefonos_Medico(RFC,Telefono) VALUES ('FNUL501002I98','8719153236');
INSERT INTO Telefonos_Medico(RFC,Telefono) VALUES ('ZXYP781111571','+879570203642');
INSERT INTO Telefonos_Medico(RFC,Telefono) VALUES ('QHGZ850604X82','4767901394');
INSERT INTO Telefonos_Medico(RFC,Telefono) VALUES ('BEEH4012177X4','7441506481');
INSERT INTO Telefonos_Medico(RFC,Telefono) VALUES ('PSXC731225NZ5','+43799221059');
INSERT INTO Telefonos_Medico(RFC,Telefono) VALUES ('SMTT951107G43','+77774014060');
INSERT INTO Telefonos_Medico(RFC,Telefono) VALUES ('UASH871003542','+5195677411218');
INSERT INTO Telefonos_Medico(RFC,Telefono) VALUES ('IQTK530101EN8','+89047727564');
INSERT INTO Telefonos_Medico(RFC,Telefono) VALUES ('FBRG780409F16','5191836765');
INSERT INTO Telefonos_Medico(RFC,Telefono) VALUES ('GAPZ940308132','6447662587');
INSERT INTO Telefonos_Medico(RFC,Telefono) VALUES ('EJSQ610413TA6','6631649343');
INSERT INTO Telefonos_Medico(RFC,Telefono) VALUES ('JQZE820914712','7878227323');
INSERT INTO Telefonos_Medico(RFC,Telefono) VALUES ('OOZI040506787','+38801996835');
INSERT INTO Telefonos_Medico(RFC,Telefono) VALUES ('NRMR100305635','+9263155469051');
INSERT INTO Telefonos_Medico(RFC,Telefono) VALUES ('WJMN210821N34','3383088542');
INSERT INTO Telefonos_Medico(RFC,Telefono) VALUES ('LBBZ560408KA6','+83415666115');
INSERT INTO Telefonos_Medico(RFC,Telefono) VALUES ('OOZI040506787','8876055183');
INSERT INTO Telefonos_Medico(RFC,Telefono) VALUES ('KYDW571109113','6443926607');
INSERT INTO Telefonos_Medico(RFC,Telefono) VALUES ('RTRS641007CM3','8197854688');
INSERT INTO Telefonos_Medico(RFC,Telefono) VALUES ('SYHB6811015I3','8692274015');
INSERT INTO Telefonos_Medico(RFC,Telefono) VALUES ('HIKE141118SU5','4019162900');
INSERT INTO Telefonos_Medico(RFC,Telefono) VALUES ('SDJY931208E48','6955780785');
INSERT INTO Telefonos_Medico(RFC,Telefono) VALUES ('ZPIX121107BK9','5042564709');
INSERT INTO Telefonos_Medico(RFC,Telefono) VALUES ('FNSH2704099G2','5468070608');
INSERT INTO Telefonos_Medico(RFC,Telefono) VALUES ('QLWY190810N39','8060943990');
INSERT INTO Telefonos_Medico(RFC,Telefono) VALUES ('KYDW571109113','8885144008');
INSERT INTO Telefonos_Medico(RFC,Telefono) VALUES ('UNYE121010959','+748130442323');
INSERT INTO Telefonos_Medico(RFC,Telefono) VALUES ('WSIC050804W46','+8479901345374');
INSERT INTO Telefonos_Medico(RFC,Telefono) VALUES ('SPQS651108K98','+0309550067255');
INSERT INTO Telefonos_Medico(RFC,Telefono) VALUES ('GAQM731008W64','+2525431640898');
INSERT INTO Telefonos_Medico(RFC,Telefono) VALUES ('NJCW590704LO2','6578450521');
INSERT INTO Telefonos_Medico(RFC,Telefono) VALUES ('UTCR4006177M2','8428545316');
INSERT INTO Telefonos_Medico(RFC,Telefono) VALUES ('FODS301007324','6435875140');
INSERT INTO Telefonos_Medico(RFC,Telefono) VALUES ('BEEH4012177X4','2640230645');
INSERT INTO Telefonos_Medico(RFC,Telefono) VALUES ('NODV2309092M9','8077690686');
INSERT INTO Telefonos_Medico(RFC,Telefono) VALUES ('LZPT750507Y80','1574293385');
INSERT INTO Telefonos_Medico(RFC,Telefono) VALUES ('HRIE730206PX4','4164510812');
INSERT INTO Telefonos_Medico(RFC,Telefono) VALUES ('KSQV071102LG4','7104160641');
INSERT INTO Telefonos_Medico(RFC,Telefono) VALUES ('TQOQ951004AR1','2550746317');
INSERT INTO Telefonos_Medico(RFC,Telefono) VALUES ('QRHE971207L65','+46000534337');
INSERT INTO Telefonos_Medico(RFC,Telefono) VALUES ('IEGO111002695','1585263062');
INSERT INTO Telefonos_Medico(RFC,Telefono) VALUES ('NIQB771206325','4942984953');
INSERT INTO Telefonos_Medico(RFC,Telefono) VALUES ('JUZW070225C19','+872877088965');
INSERT INTO Telefonos_Medico(RFC,Telefono) VALUES ('EULL7810069B1','+3443077172117');
INSERT INTO Telefonos_Medico(RFC,Telefono) VALUES ('KKNR281108TV4','7330672802');
INSERT INTO Telefonos_Medico(RFC,Telefono) VALUES ('ZNNE231123476','9088489325');
INSERT INTO Telefonos_Medico(RFC,Telefono) VALUES ('MGXT7005090V5','+884236209358');
INSERT INTO Telefonos_Medico(RFC,Telefono) VALUES ('MGXT7005090V5','4041816973');
INSERT INTO Telefonos_Medico(RFC,Telefono) VALUES ('FODS301007324','+3188720526748');
INSERT INTO Telefonos_Medico(RFC,Telefono) VALUES ('YVRE801205345','+0648250290757');
INSERT INTO Telefonos_Medico(RFC,Telefono) VALUES ('ZPIX121107BK9','+739645130749');
INSERT INTO Telefonos_Medico(RFC,Telefono) VALUES ('IQTK530101EN8','+872534935091');
INSERT INTO Telefonos_Medico(RFC,Telefono) VALUES ('AQIT870806102','3370427255');
INSERT INTO Telefonos_Medico(RFC,Telefono) VALUES ('KNIA110413PL7','2059166081');
INSERT INTO Telefonos_Medico(RFC,Telefono) VALUES ('CKKJ651112641','+8914391548075');
INSERT INTO Telefonos_Medico(RFC,Telefono) VALUES ('GDIO141207Q50','8287960454');
INSERT INTO Telefonos_Medico(RFC,Telefono) VALUES ('EJSQ610413TA6','+1366751805251');
INSERT INTO Telefonos_Medico(RFC,Telefono) VALUES ('PHPR651207582','+6296445355731');
INSERT INTO Telefonos_Medico(RFC,Telefono) VALUES ('JCRH700525Z46','+965949116788');
INSERT INTO Telefonos_Medico(RFC,Telefono) VALUES ('ZNNE231123476','6867962659');
INSERT INTO Telefonos_Medico(RFC,Telefono) VALUES ('TYHA551218LO1','0802239837');
INSERT INTO Telefonos_Medico(RFC,Telefono) VALUES ('RPIG3712069K0','+67824124641');
INSERT INTO Telefonos_Medico(RFC,Telefono) VALUES ('WYND091112631','8299169940');
INSERT INTO Telefonos_Medico(RFC,Telefono) VALUES ('LCCU750921234','+9283697347455');
INSERT INTO Telefonos_Medico(RFC,Telefono) VALUES ('OPLT080222OD5','1506139006');
INSERT INTO Telefonos_Medico(RFC,Telefono) VALUES ('SPQS651108K98','+34698118172');
INSERT INTO Telefonos_Medico(RFC,Telefono) VALUES ('WCZJ290618890','6289910461');
INSERT INTO Telefonos_Medico(RFC,Telefono) VALUES ('QAOL381210LN3','4397677049');
INSERT INTO Telefonos_Medico(RFC,Telefono) VALUES ('ZPIX121107BK9','+7114430800783');
INSERT INTO Telefonos_Medico(RFC,Telefono) VALUES ('BYGC5612147X2','6938329924');
INSERT INTO Telefonos_Medico(RFC,Telefono) VALUES ('EAAX450911888','+0923143323809');
INSERT INTO Telefonos_Medico(RFC,Telefono) VALUES ('YPMH7304201L8','+5533309302763');
INSERT INTO Telefonos_Medico(RFC,Telefono) VALUES ('EULL7810069B1','+254397987824');
INSERT INTO Telefonos_Medico(RFC,Telefono) VALUES ('JCRH700525Z46','6238466551');
INSERT INTO Telefonos_Medico(RFC,Telefono) VALUES ('HRBB9410201O1','+9369124366284');
INSERT INTO Telefonos_Medico(RFC,Telefono) VALUES ('WLRA7806282A2','+9275740111215');
INSERT INTO Telefonos_Medico(RFC,Telefono) VALUES ('RRER560207371','+5169949156472');
INSERT INTO Telefonos_Medico(RFC,Telefono) VALUES ('EMHY8512252Q4','+137865381157');
INSERT INTO Telefonos_Medico(RFC,Telefono) VALUES ('OOZI040506787','+29088444906');
INSERT INTO Telefonos_Medico(RFC,Telefono) VALUES ('HIKE141118SU5','4229783463');
INSERT INTO Telefonos_Medico(RFC,Telefono) VALUES ('JTBU1210202B8','+557308655209');
INSERT INTO Telefonos_Medico(RFC,Telefono) VALUES ('ZPIX121107BK9','+9725564902625');
INSERT INTO Telefonos_Medico(RFC,Telefono) VALUES ('ZLGP240704071','9268221376');
INSERT INTO Telefonos_Medico(RFC,Telefono) VALUES ('QLWY190810N39','+84201846896');
INSERT INTO Telefonos_Medico(RFC,Telefono) VALUES ('SPQS651108K98','+48874868279');


-- Tablas necesarias para ejecutar el script Query.sql
-- 10 registros de la tabla Cliente
INSERT INTO Cliente(IdCliente,Nombre,Paterno,Materno,FechaNacimiento,Calle,NumeroExterior,NumeroInterior,Colonia,Estado,MetodoPago) VALUES (1,'Rebeca','McSpirron','Reaney','2023-08-16','Hidalgo',38,99,'La Paz','Chiapas','Tarjeta');
INSERT INTO Cliente(IdCliente,Nombre,Paterno,Materno,FechaNacimiento,Calle,NumeroExterior,NumeroInterior,Colonia,Estado,MetodoPago) VALUES (2,'Rosa','Deekes','Dochon','2022-01-28','Callejón de los Sapos',8,58,'La Esperanza','Yucatán','Efectivo');
INSERT INTO Cliente(IdCliente,Nombre,Paterno,Materno,FechaNacimiento,Calle,NumeroExterior,NumeroInterior,Colonia,Estado,MetodoPago) VALUES (3,'Renata','Treagus','Backhouse','1988-12-13','Zaragoza',100,88,'Miramar','Chiapas','Efectivo');
INSERT INTO Cliente(IdCliente,Nombre,Paterno,Materno,FechaNacimiento,Calle,NumeroExterior,NumeroInterior,Colonia,Estado,MetodoPago) VALUES (4,'Ramon','Klimas','McGaraghan','1982-09-02','Juárez',73,60,'San Miguel','Durango','Tarjeta');
INSERT INTO Cliente(IdCliente,Nombre,Paterno,Materno,FechaNacimiento,Calle,NumeroExterior,NumeroInterior,Colonia,Estado,MetodoPago) VALUES (5,'Rebeca','Foddy','Minchell','1965-01-26','Juárez',91,59,'Santa Lucía','Aguascalientes','Efectivo');
INSERT INTO Cliente(IdCliente,Nombre,Paterno,Materno,FechaNacimiento,Calle,NumeroExterior,NumeroInterior,Colonia,Estado,MetodoPago) VALUES (6,'Rafael','Girsch','Gammill','1977-04-15','López Mateos',68,52,'San Pedro','Baja California','Tarjeta');
INSERT INTO Cliente(IdCliente,Nombre,Paterno,Materno,FechaNacimiento,Calle,NumeroExterior,NumeroInterior,Colonia,Estado,MetodoPago) VALUES (7,'Renata','Longmate','Peachment','2025-02-24','Galeana',42,9,'Valle Verde','Chiapas','Tarjeta');
INSERT INTO Cliente(IdCliente,Nombre,Paterno,Materno,FechaNacimiento,Calle,NumeroExterior,NumeroInterior,Colonia,Estado,MetodoPago) VALUES (8,'Rocio','Tegler','Greenhough','1961-10-26','Independencia',38,43,'Los Pinos','Chiapas','Efectivo');
INSERT INTO Cliente(IdCliente,Nombre,Paterno,Materno,FechaNacimiento,Calle,NumeroExterior,NumeroInterior,Colonia,Estado,MetodoPago) VALUES (9,'Rebeca','Snarie','Verdey','2000-06-03','Callejón de los Sapos',77,4,'Los Pinos','Chiapas','Efectivo');
INSERT INTO Cliente(IdCliente,Nombre,Paterno,Materno,FechaNacimiento,Calle,NumeroExterior,NumeroInterior,Colonia,Estado,MetodoPago) VALUES (10,'Rafael','Josef','Dohmann','1974-08-18','Morelos',26,70,'Revolución','Querétaro','Efectivo');

-- 10 registros de la tabla MedPreparado
INSERT INTO MedPreparado(IdMedicamento,NombreComercial,FormaFarmaceutica,Concentracion,Presentacion,ViaAdministracion,Clasificacion,TipoControl,Descripcion,Categoria) VALUES (1,'Nicardipine Hydrochloride','Gel','35 mg/ml','Frasco con 30 cápsulas de 250mg','Oral','Analgésico','Naturista','Nulla ut erat id mauris vulputate elementum. Nullam varius. Nulla facilisi.','Antibióticos');
INSERT INTO MedPreparado(IdMedicamento,NombreComercial,FormaFarmaceutica,Concentracion,Presentacion,ViaAdministracion,Clasificacion,TipoControl,Descripcion,Categoria) VALUES (2,'Advanced Hand Sanitizer','Gel','10 mg/ml','Gotas oftálmicas en frasco de 15ml','Oral','Antihistamínico','Naturista','In hac habitasse platea dictumst. Etiam faucibus cursus urna. Ut tellus.','Antieméticos');
INSERT INTO MedPreparado(IdMedicamento,NombreComercial,FormaFarmaceutica,Concentracion,Presentacion,ViaAdministracion,Clasificacion,TipoControl,Descripcion,Categoria) VALUES (3,'Peptic Relief','Gel','20 mg/ml','Jeringa con 2ml de solución inyectable','Oral','Antihistamínico','Marca registrada','Morbi non lectus. Aliquam sit amet diam in magna bibendum imperdiet. Nullam orci pede, venenatis non, sodales sed, tincidunt eu, felis.','Antialérgicos');
INSERT INTO MedPreparado(IdMedicamento,NombreComercial,FormaFarmaceutica,Concentracion,Presentacion,ViaAdministracion,Clasificacion,TipoControl,Descripcion,Categoria) VALUES (4,'Loratadine','Gel','15 mg/ml','Spray nasal con 20ml de solución','Oral','Analgésico','No controlado','In hac habitasse platea dictumst. Morbi vestibulum, velit id pretium iaculis, diam erat fermentum justo, nec condimentum neque sapien placerat ante. Nulla justo.','Antiinflamatorios');
INSERT INTO MedPreparado(IdMedicamento,NombreComercial,FormaFarmaceutica,Concentracion,Presentacion,ViaAdministracion,Clasificacion,TipoControl,Descripcion,Categoria) VALUES (5,'BETULA ALBA JUICE WHITE GEL','Gel','50 mg/ml','Frasco con 30 cápsulas de 250mg','Oral','Expectorante','Homeopático','Curabitur in libero ut massa volutpat convallis. Morbi odio odio, elementum eu, interdum eu, tincidunt in, leo. Maecenas pulvinar lobortis est.','Antifúngicos');
INSERT INTO MedPreparado(IdMedicamento,NombreComercial,FormaFarmaceutica,Concentracion,Presentacion,ViaAdministracion,Clasificacion,TipoControl,Descripcion,Categoria) VALUES (6,'Sheer Cover Shade Adapting Mineral Foundation','Gel','35 mg/ml','Ampolla con 5ml de solución inyectable','Oral','Antiinflamatorio','Homeopático','Nam ultrices, libero non mattis pulvinar, nulla pede ullamcorper augue, a suscipit nulla elit ac nulla. Sed vel enim sit amet nunc viverra dapibus. Nulla suscipit ligula in lacus.','Antipiréticos');
INSERT INTO MedPreparado(IdMedicamento,NombreComercial,FormaFarmaceutica,Concentracion,Presentacion,ViaAdministracion,Clasificacion,TipoControl,Descripcion,Categoria) VALUES (7,'UREA','Gel','10 mg/ml','Gotas oftálmicas en frasco de 15ml','Oral','Antipirético','No controlado','Vestibulum quam sapien, varius ut, blandit non, interdum in, ante. Vestibulum ante ipsum primis in faucibus orci luctus et ultrices posuere cubilia Curae; Duis faucibus accumsan odio. Curabitur convallis.','Analgésicos');
INSERT INTO MedPreparado(IdMedicamento,NombreComercial,FormaFarmaceutica,Concentracion,Presentacion,ViaAdministracion,Clasificacion,TipoControl,Descripcion,Categoria) VALUES (8,'FRAICHEUR BAMBOU ANTIPERSPIRANT','Gel','50 mg/ml','Jeringa 2ml solución inyectable','Oral','Antidepresivo','Genérico','Etiam vel augue. Vestibulum rutrum rutrum neque. Aenean auctor gravida sem.','Antipiréticos');
INSERT INTO MedPreparado(IdMedicamento,NombreComercial,FormaFarmaceutica,Concentracion,Presentacion,ViaAdministracion,Clasificacion,TipoControl,Descripcion,Categoria) VALUES (9,'NUCYNTA','Gel','20 mg/ml','Jeringa con 2ml de solución inyectable','Oral','Antiviral','Receta médica','Morbi non lectus. Aliquam sit amet diam in magna bibendum imperdiet. Nullam orci pede, venenatis non, sodales sed, tincidunt eu, felis.','Analgésicos');
INSERT INTO MedPreparado(IdMedicamento,NombreComercial,FormaFarmaceutica,Concentracion,Presentacion,ViaAdministracion,Clasificacion,TipoControl,Descripcion,Categoria) VALUES (10,'REYATAZ','Gel','30 mg/ml','Blister con 10 tabletas de 500mg','Oral','Laxante','Marca registrada','Aliquam quis turpis eget elit sodales scelerisque. Mauris sit amet eros. Suspendisse accumsan tortor quis turpis.','Antibióticos');

-- 10 registros de la tabla MedComercial
INSERT INTO MedComercial(IdMedicamento,NombreComercial,FormaFarmaceutica,Concentracion,Presentacion,ViaAdministracion,Clasificacion,TipoControl,Descripcion,NombreGenerico,LabFabricante) VALUES (1,'Natures Antibac Peppermint','Gel','40 mg/ml','Envase con 60 comprimidos de liberación prolongada','Oral','Antihistamínico','Naturista','Quisque id justo sit amet sapien dignissim vestibulum. Vestibulum ante ipsum primis in faucibus orci luctus et ultrices posuere cubilia Curae; Nulla dapibus dolor vel est. Donec odio justo, sollicitudin ut, suscipit a, feugiat et, eros. Vestibulum ac est lacinia nisi venenatis tristique. Fusce congue, diam id ornare imperdiet, sapien urna pretium nisl, ut volutpat sapien arcu sed augue. Aliquam erat volutpat.','Natures Antibac Peppermint','HealthCare Solutions');
INSERT INTO MedComercial(IdMedicamento,NombreComercial,FormaFarmaceutica,Concentracion,Presentacion,ViaAdministracion,Clasificacion,TipoControl,Descripcion,NombreGenerico,LabFabricante) VALUES (2,'Ibuprofen','Gel','25 mg/ml','Frasco con 30 cápsulas de 250mg','Oral','Antipirético','Genérico','Integer ac leo. Pellentesque ultrices mattis odio. Donec vitae nisi. Nam ultrices, libero non mattis pulvinar, nulla pede ullamcorper augue, a suscipit nulla elit ac nulla. Sed vel enim sit amet nunc viverra dapibus. Nulla suscipit ligula in lacus.','Ibuprofen','BioPharm');
INSERT INTO MedComercial(IdMedicamento,NombreComercial,FormaFarmaceutica,Concentracion,Presentacion,ViaAdministracion,Clasificacion,TipoControl,Descripcion,NombreGenerico,LabFabricante) VALUES (3,'OB Metab','Gel','30 mg/ml','Spray nasal con 20ml de solución','Oral','Expectorante','Genérico','Sed ante. Vivamus tortor. Duis mattis egestas metus.','Fucus Vesiculosus','MediPro');
INSERT INTO MedComercial(IdMedicamento,NombreComercial,FormaFarmaceutica,Concentracion,Presentacion,ViaAdministracion,Clasificacion,TipoControl,Descripcion,NombreGenerico,LabFabricante) VALUES (4,'TYLENOL Sinus Congestion ','Gel','30 mg/ml','Ampolla con 5ml de solución inyectable','Oral','Antipirético','No controlado','Curabitur gravida nisi at nibh. In hac habitasse platea dictumst. Aliquam augue quam, sollicitudin vitae, consectetuer eget, rutrum at, lorem. Integer tincidunt ante vel ipsum. Praesent blandit lacinia erat. Vestibulum sed magna at nunc commodo placerat.','Acetaminophen, Guaifenesin','MediGen');
INSERT INTO MedComercial(IdMedicamento,NombreComercial,FormaFarmaceutica,Concentracion,Presentacion,ViaAdministracion,Clasificacion,TipoControl,Descripcion,NombreGenerico,LabFabricante) VALUES (5,'Oxygen','Gel','10 mg/ml','Envase 60 comprimidos liberación prolongada','Oral','Antiviral','Receta médica','In hac habitasse platea dictumst. Morbi vestibulum, velit id pretium iaculis, diam erat fermentum justo, nec condimentum neque sapien placerat ante. Nulla justo.','Oxygen','PharmaLab');
INSERT INTO MedComercial(IdMedicamento,NombreComercial,FormaFarmaceutica,Concentracion,Presentacion,ViaAdministracion,Clasificacion,TipoControl,Descripcion,NombreGenerico,LabFabricante) VALUES (6,'CORYLUS AMERICANA POLLEN','Gel','30 mg/ml','Sobre con 20 sobres de polvo para suspensión oral','Oral','Antipirético','Marca registrada','Aliquam quis turpis eget elit sodales scelerisque. Mauris sit amet eros. Suspendisse accumsan tortor quis turpis.','Hazelnut Pollen','BioPharm');
INSERT INTO MedComercial(IdMedicamento,NombreComercial,FormaFarmaceutica,Concentracion,Presentacion,ViaAdministracion,Clasificacion,TipoControl,Descripcion,NombreGenerico,LabFabricante) VALUES (7,'HZ Formula','Gel','40 mg/ml','Envase con 50 tabletas masticables de 100mg','Oral','Antipirético','Experimental','Quisque id justo sit amet sapien dignissim vestibulum. Vestibulum ante ipsum primis in faucibus orci luctus et ultrices posuere cubilia Curae; Nulla dapibus dolor vel est. Donec odio justo, sollicitudin ut, suscipit a, feugiat et, eros.','Baptisia tinctoria, Echinacea','MediGen');
INSERT INTO MedComercial(IdMedicamento,NombreComercial,FormaFarmaceutica,Concentracion,Presentacion,ViaAdministracion,Clasificacion,TipoControl,Descripcion,NombreGenerico,LabFabricante) VALUES (8,'7 Select Childrens Ibuprofen','Gel','50 mg/ml','Envase con 60 comprimidos de liberación prolongada','Oral','Laxante','Homeopático','Duis bibendum. Morbi non quam nec dui luctus rutrum. Nulla tellus. In sagittis dui vel nisl. Duis ac nibh. Fusce lacus purus, aliquet at, feugiat non, pretium quis, lectus.','Ibuprofen','Wellness Labs');
INSERT INTO MedComercial(IdMedicamento,NombreComercial,FormaFarmaceutica,Concentracion,Presentacion,ViaAdministracion,Clasificacion,TipoControl,Descripcion,NombreGenerico,LabFabricante) VALUES (9,'Tobacco Leaf','Gel','5 mg/ml','Sobre con 20 sobres de polvo para suspensión oral','Oral','Antihistamínico','Receta médica','Vestibulum quam sapien, varius ut, blandit non, interdum in, ante. Vestibulum ante ipsum primis in faucibus orci luctus et ultrices posuere cubilia Curae; Duis faucibus accumsan odio. Curabitur convallis. Duis consequat dui nec nisi volutpat eleifend. Donec ut dolor. Morbi vel lectus in quam fringilla rhoncus.','Tobacco Leaf','MediCo');
INSERT INTO MedComercial(IdMedicamento,NombreComercial,FormaFarmaceutica,Concentracion,Presentacion,ViaAdministracion,Clasificacion,TipoControl,Descripcion,NombreGenerico,LabFabricante) VALUES (10,'Shunga','Gel','25 mg/ml','Jeringa prellenada con 2ml de solución inyectable','Oral','Analgésico','Controlado','Sed ante. Vivamus tortor. Duis mattis egestas metus.','Benzocaine','PharmaTech');

--10 registros de la tabla Insumo
INSERT INTO Insumo(IdInsumo,NombreCientifico,NombreComercial,Tipo,FormaFisica,Potencia,Grado,Riesgo,EsEsteril,Temperatura,Sensibilidad,Observaciones) VALUES (1,'Strobilanthes anisophylla (G. Lodd.) ','Miconazole 7','Ibuprofeno','Parche','75 mg','Alto','crítico','true','30°C','Nada sensible','In sagittis dui vel nisl. Duis ac nibh. Fusce lacus purus, aliquet at, feugiat non, pretium quis, lectus.');
INSERT INTO Insumo(IdInsumo,NombreCientifico,NombreComercial,Tipo,FormaFisica,Potencia,Grado,Riesgo,EsEsteril,Temperatura,Sensibilidad,Observaciones) VALUES (2,'Erysimum capitatum (Douglas ex Hook.) ','Cicatricure','Antiespasmódico','Spray','50 mg','Medio','alto','false','30°C','Sensible','Proin eu mi. Nulla ac enim. In tempor, turpis nec euismod scelerisque, quam turpis adipiscing lorem, vitae mattis nibh ligula nec sem.');
INSERT INTO Insumo(IdInsumo,NombreCientifico,NombreComercial,Tipo,FormaFisica,Potencia,Grado,Riesgo,EsEsteril,Temperatura,Sensibilidad,Observaciones) VALUES (3,'Salpichroa origanifolia (Lam.) Thell.','Therapeutic T Plus','Laxante','Polvo','5 mg','Medio','crítico','true','12°C','Nada sensible','Vestibulum ac est lacinia nisi venenatis tristique. Fusce congue, diam id ornare imperdiet, sapien urna pretium nisl, ut volutpat sapien arcu sed augue. Aliquam erat volutpat.');
INSERT INTO Insumo(IdInsumo,NombreCientifico,NombreComercial,Tipo,FormaFisica,Potencia,Grado,Riesgo,EsEsteril,Temperatura,Sensibilidad,Observaciones) VALUES (4,'Leprocaulon arbuscula (Nyl.) Nyl.','Rhizopus oryzae','Analgésico','Supositorio','150 mg','Deficiente','crítico','false','25°C','Nada sensible','Aliquam quis turpis eget elit sodales scelerisque. Mauris sit amet eros. Suspendisse accumsan tortor quis turpis.');
INSERT INTO Insumo(IdInsumo,NombreCientifico,NombreComercial,Tipo,FormaFisica,Potencia,Grado,Riesgo,EsEsteril,Temperatura,Sensibilidad,Observaciones) VALUES (5,'Mentzelia dispersa S. Watson var. dispersa','Quazepam','Antiespasmódico','Solución','50 mg','Aceptable','moderado','false','22°C','Sensible','Fusce consequat. Nulla nisl. Nunc nisl.');
INSERT INTO Insumo(IdInsumo,NombreCientifico,NombreComercial,Tipo,FormaFisica,Potencia,Grado,Riesgo,EsEsteril,Temperatura,Sensibilidad,Observaciones) VALUES (6,'Astragalus humistratus A. Gray var','CEPHALOTHECIUM ROSEUM','Analgésico','Jarabe','100 mg','Excelente','crítico','true','35°C','Sensible','Nullam porttitor lacus at turpis. Donec posuere metus vitae ipsum. Aliquam non mauris.');
INSERT INTO Insumo(IdInsumo,NombreCientifico,NombreComercial,Tipo,FormaFisica,Potencia,Grado,Riesgo,EsEsteril,Temperatura,Sensibilidad,Observaciones) VALUES (7,'Hieracium kalmii L.','Prednisone','Antibiótico','Polvo','75 mg','Aceptable','grave','false','25°C','Nada sensible','Quisque id justo sit amet sapien dignissim vestibulum. Vestibulum ante ipsum primis in faucibus orci luctus et ultrices posuere cubilia Curae; Nulla dapibus dolor vel est. Donec odio justo, sollicitudin ut, suscipit a, feugiat et, eros.');
INSERT INTO Insumo(IdInsumo,NombreCientifico,NombreComercial,Tipo,FormaFisica,Potencia,Grado,Riesgo,EsEsteril,Temperatura,Sensibilidad,Observaciones) VALUES (8,'Echinocereus pseudopectinatus','WOMENS LAXATIVE','Paracetamol','Parche','200 mg','Medio','alto','true','35°C','poco sensible','Cras mi pede, malesuada in, imperdiet et, commodo vulputate, justo. In blandit ultrices enim. Lorem ipsum dolor sit amet, consectetuer adipiscing elit.');
INSERT INTO Insumo(IdInsumo,NombreCientifico,NombreComercial,Tipo,FormaFisica,Potencia,Grado,Riesgo,EsEsteril,Temperatura,Sensibilidad,Observaciones) VALUES (9,'Carex livida (Wahlenb.) Willd.','health mart loperamide hydrochloride','Antiespasmódico','Solución','150 mg','Alto','bajo','true','35°C','poco sensible','Nulla ut erat id mauris vulputate elementum. Nullam varius. Nulla facilisi.');
INSERT INTO Insumo(IdInsumo,NombreCientifico,NombreComercial,Tipo,FormaFisica,Potencia,Grado,Riesgo,EsEsteril,Temperatura,Sensibilidad,Observaciones) VALUES (10,'Carex stipata Muhl. ex Willd','Zicam','Antihistamínico','Polvo','50 mg','Medio','muy alto','true','10°C','Nada sensible','Quisque id justo sit amet sapien dignissim vestibulum. Vestibulum ante ipsum primis in faucibus orci luctus et ultrices posuere cubilia Curae; Nulla dapibus dolor vel est. Donec odio justo, sollicitudin ut, suscipit a, feugiat et, eros.');

--5 registros de la tabla Proveedor
INSERT INTO Proveedor(IdProveedor,RazonSocial,Calle,NumeroExterior,NumeroInterior,Colonia,Estado) VALUES (1,'Proveedor de Medicamentos','Utah',1,7,'El Rosario','Ohio');
INSERT INTO Proveedor(IdProveedor,RazonSocial,Calle,NumeroExterior,NumeroInterior,Colonia,Estado) VALUES (2,'Suministros Farmacéuticos','Fallview',44,74,'La Libertad','Georgia');
INSERT INTO Proveedor(IdProveedor,RazonSocial,Calle,NumeroExterior,NumeroInterior,Colonia,Estado) VALUES (3,'Farmacia San Juan','Quincy',60,93,'San Francisco','Ohio');
INSERT INTO Proveedor(IdProveedor,RazonSocial,Calle,NumeroExterior,NumeroInterior,Colonia,Estado) VALUES (4,'Insumos Medicinales','Mcbride',80,28,'El Rosario','Alabama');
INSERT INTO Proveedor(IdProveedor,RazonSocial,Calle,NumeroExterior,NumeroInterior,Colonia,Estado) VALUES (5,'Distribuidora Salud S.A.','Parkside',44,62,'San Francisco','Pennsylvania');

--5 registros de la tabla Farmaceutico
INSERT INTO Farmaceutico(RFC,Nombre,Paterno,Materno,Calle,NumeroExterior,NumeroInterior,Colonia,Estado,Dia,Entrada,Salida,Salario,IdSucursal,CedulaProfesional,FechaNacimiento) VALUES ('KGVW7812034P0','Janeta','Clewley','Kira','Hidalgo',71,7,'Bosques de Chapultepec','Aguascalientes','Sabado','21:53','05:53',43015872.67,124,2000001,'11/21/2025');
INSERT INTO Farmaceutico(RFC,Nombre,Paterno,Materno,Calle,NumeroExterior,NumeroInterior,Colonia,Estado,Dia,Entrada,Salida,Salario,IdSucursal,CedulaProfesional,FechaNacimiento) VALUES ('JSSW291016104','Lorrin','Larratt','Sansam','López Mateos',50,73,'Valle Verde','Jalisco','Lunes','2:00','10:00',63841524.77,90,2000002,'11/18/2025');
INSERT INTO Farmaceutico(RFC,Nombre,Paterno,Materno,Calle,NumeroExterior,NumeroInterior,Colonia,Estado,Dia,Entrada,Salida,Salario,IdSucursal,CedulaProfesional,FechaNacimiento) VALUES ('MFVV661225072','Jemie','Solan','Betterton','Madero',37,26,'Valle Verde','Hidalgo','Martes','14:47','22:47',13568117.53,75,2000003,'11/11/2025');
INSERT INTO Farmaceutico(RFC,Nombre,Paterno,Materno,Calle,NumeroExterior,NumeroInterior,Colonia,Estado,Dia,Entrada,Salida,Salario,IdSucursal,CedulaProfesional,FechaNacimiento) VALUES ('LYMR270627DZ1','Jessy','Aberkirder','Rallings','Hidalgo',87,19,'La Aurora','Tamaulipas','Sabado','0:51','08:51',55819919.67,38,2000004,'11/5/2025');
INSERT INTO Farmaceutico(RFC,Nombre,Paterno,Materno,Calle,NumeroExterior,NumeroInterior,Colonia,Estado,Dia,Entrada,Salida,Salario,IdSucursal,CedulaProfesional,FechaNacimiento) VALUES ('BWHV590526U61','Ann','Brewood','Jerratsch','Pino Suárez',19,46,'El Rosario','Guanajuato','Jueves','8:41','16:41',42552141.53,45,2000005,'11/26/2025');

-- 10 registros de la tabla EntregarInsumo
INSERT INTO EntregarInsumo(IdProveedor,IdSucursal,IdInsumo,FechaRecepcion,FechaCaducidad,CondicionesAlmacenamiento,CantidadRecibida,PrecioPublico,PrecioUnitario) VALUES (2,14,5,'2026-03-27T12:29:29Z','2026-04-20','Guardar en un lugar limpio y ordenado',7,35277877.49,5415869.82);
INSERT INTO EntregarInsumo(IdProveedor,IdSucursal,IdInsumo,FechaRecepcion,FechaCaducidad,CondicionesAlmacenamiento,CantidadRecibida,PrecioPublico,PrecioUnitario) VALUES (2,99,2,'2026-01-13T18:53:10Z','2026-04-22','Proteger de la congelación',38,99944222.6,12440507.66);
INSERT INTO EntregarInsumo(IdProveedor,IdSucursal,IdInsumo,FechaRecepcion,FechaCaducidad,CondicionesAlmacenamiento,CantidadRecibida,PrecioPublico,PrecioUnitario) VALUES (3,110,10,'2026-01-17T06:37:46Z','2026-05-02','Evitar la humedad',31,68345.78,67293752.66);
INSERT INTO EntregarInsumo(IdProveedor,IdSucursal,IdInsumo,FechaRecepcion,FechaCaducidad,CondicionesAlmacenamiento,CantidadRecibida,PrecioPublico,PrecioUnitario) VALUES (4,72,8,'2025-05-15T16:18:45Z','2026-04-25','No almacenar cerca de productos químicos',58,30736258.3,59412649.83);
INSERT INTO EntregarInsumo(IdProveedor,IdSucursal,IdInsumo,FechaRecepcion,FechaCaducidad,CondicionesAlmacenamiento,CantidadRecibida,PrecioPublico,PrecioUnitario) VALUES (5,67,7,'2026-04-26T01:19:06Z','2026-05-02','Guardar en un recipiente hermético',13,33857086.72,91344207.35);
INSERT INTO EntregarInsumo(IdProveedor,IdSucursal,IdInsumo,FechaRecepcion,FechaCaducidad,CondicionesAlmacenamiento,CantidadRecibida,PrecioPublico,PrecioUnitario) VALUES (4,98,10,'2025-11-18T08:29:47Z','2026-04-27','Guardar en un lugar limpio y ordenado',70,67413218.29,105607.59);
INSERT INTO EntregarInsumo(IdProveedor,IdSucursal,IdInsumo,FechaRecepcion,FechaCaducidad,CondicionesAlmacenamiento,CantidadRecibida,PrecioPublico,PrecioUnitario) VALUES (5,70,4,'2026-02-04T04:36:58Z','2026-04-26','Guardar en un recipiente hermético',92,87860930.37,28033433.06);
INSERT INTO EntregarInsumo(IdProveedor,IdSucursal,IdInsumo,FechaRecepcion,FechaCaducidad,CondicionesAlmacenamiento,CantidadRecibida,PrecioPublico,PrecioUnitario) VALUES (3,125,10,'2026-04-03T16:17:39Z','2026-04-22','Evitar la humedad',99,61717605.06,62764845.76);
INSERT INTO EntregarInsumo(IdProveedor,IdSucursal,IdInsumo,FechaRecepcion,FechaCaducidad,CondicionesAlmacenamiento,CantidadRecibida,PrecioPublico,PrecioUnitario) VALUES (5,48,9,'2026-04-24T22:14:24Z','2026-05-03','No almacenar cerca de productos químicos',32,33968165.56,55530295.99);
INSERT INTO EntregarInsumo(IdProveedor,IdSucursal,IdInsumo,FechaRecepcion,FechaCaducidad,CondicionesAlmacenamiento,CantidadRecibida,PrecioPublico,PrecioUnitario) VALUES (1,139,10,'2025-10-04T20:51:34Z','2026-04-20','No almacenar cerca de productos químicos',9,45970639.08,19405416.99);

-- 10 registros de la tabla EntregarMedComercial
INSERT INTO EntregarMedComercial(IdProveedor,IdSucursal,IdMedicamento,FechaRecepcion,FechaCaducidad,CondicionesAlmacenamiento,CantidadRecibida,PrecioPublico,PrecioUnitario) VALUES (4,27,1,'2025-08-28T02:03:41Z','2026-04-27','Evitar la humedad',56,81042507.09,37808781.68);
INSERT INTO EntregarMedComercial(IdProveedor,IdSucursal,IdMedicamento,FechaRecepcion,FechaCaducidad,CondicionesAlmacenamiento,CantidadRecibida,PrecioPublico,PrecioUnitario) VALUES (5,133,5,'2025-09-08T15:22:54Z','2026-04-26','Mantener fuera del alcance de los niños',71,97045318.37,71786952.73);
INSERT INTO EntregarMedComercial(IdProveedor,IdSucursal,IdMedicamento,FechaRecepcion,FechaCaducidad,CondicionesAlmacenamiento,CantidadRecibida,PrecioPublico,PrecioUnitario) VALUES (1,132,8,'2025-10-04T04:53:42Z','2026-04-28','Mantener alejado de la luz solar directa',72,93380382.51,9873673.83);
INSERT INTO EntregarMedComercial(IdProveedor,IdSucursal,IdMedicamento,FechaRecepcion,FechaCaducidad,CondicionesAlmacenamiento,CantidadRecibida,PrecioPublico,PrecioUnitario) VALUES (4,77,9,'2026-04-06T09:27:12Z','2026-05-03','Almacenar en un lugar fresco y seco',24,24652264.58,52116129.08);
INSERT INTO EntregarMedComercial(IdProveedor,IdSucursal,IdMedicamento,FechaRecepcion,FechaCaducidad,CondicionesAlmacenamiento,CantidadRecibida,PrecioPublico,PrecioUnitario) VALUES (1,90,5,'2025-07-30T14:58:02Z','2026-04-20','Almacenar en un lugar fresco y seco',59,81221693.12,57019322.83);
INSERT INTO EntregarMedComercial(IdProveedor,IdSucursal,IdMedicamento,FechaRecepcion,FechaCaducidad,CondicionesAlmacenamiento,CantidadRecibida,PrecioPublico,PrecioUnitario) VALUES (4,79,1,'2025-08-17T05:02:56Z','2026-04-20','Guardar en un recipiente hermético',33,793435.75,47782485.79);
INSERT INTO EntregarMedComercial(IdProveedor,IdSucursal,IdMedicamento,FechaRecepcion,FechaCaducidad,CondicionesAlmacenamiento,CantidadRecibida,PrecioPublico,PrecioUnitario) VALUES (2,42,1,'2026-02-28T07:36:01Z','2026-04-30','Almacenar en un lugar bien ventilado',96,86375806.26,26029444.99);
INSERT INTO EntregarMedComercial(IdProveedor,IdSucursal,IdMedicamento,FechaRecepcion,FechaCaducidad,CondicionesAlmacenamiento,CantidadRecibida,PrecioPublico,PrecioUnitario) VALUES (2,61,4,'2026-01-14T06:26:59Z','2026-04-21','Mantener alejado de la luz solar directa',2,56263096.31,40970374.17);
INSERT INTO EntregarMedComercial(IdProveedor,IdSucursal,IdMedicamento,FechaRecepcion,FechaCaducidad,CondicionesAlmacenamiento,CantidadRecibida,PrecioPublico,PrecioUnitario) VALUES (2,42,8,'2025-06-13T11:42:26Z','2026-04-20','Guardar en un lugar limpio y ordenado',32,93710432.67,38866973.02);
INSERT INTO EntregarMedComercial(IdProveedor,IdSucursal,IdMedicamento,FechaRecepcion,FechaCaducidad,CondicionesAlmacenamiento,CantidadRecibida,PrecioPublico,PrecioUnitario) VALUES (5,46,1,'2026-04-20T00:15:49Z','2026-04-23','Proteger de la congelación',29,69307946.76,53671156.84);


-- 10 registros de la tabla Contener
INSERT INTO Contener(IdMedicamento,IdInsumo,CantidadRequerida) VALUES (1,9,621810.0302);
INSERT INTO Contener(IdMedicamento,IdInsumo,CantidadRequerida) VALUES (9,9,304826.0813);
INSERT INTO Contener(IdMedicamento,IdInsumo,CantidadRequerida) VALUES (6,9,957382.8916);
INSERT INTO Contener(IdMedicamento,IdInsumo,CantidadRequerida) VALUES (5,7,130600.1753);
INSERT INTO Contener(IdMedicamento,IdInsumo,CantidadRequerida) VALUES (5,9,910608.1171);
INSERT INTO Contener(IdMedicamento,IdInsumo,CantidadRequerida) VALUES (5,8,921861.9568);
INSERT INTO Contener(IdMedicamento,IdInsumo,CantidadRequerida) VALUES (5,6,996130.563);
INSERT INTO Contener(IdMedicamento,IdInsumo,CantidadRequerida) VALUES (5,7,417036.2564);
INSERT INTO Contener(IdMedicamento,IdInsumo,CantidadRequerida) VALUES (2,8,162072.5);
INSERT INTO Contener(IdMedicamento,IdInsumo,CantidadRequerida) VALUES (2,1,169467.1682);

