-- 150 Registros de la tabla Sucursal

INSERT INTO Sucursal(IdSucursal,NombreSucursal,Calle,NumeroExterior,NumeroInterior,Colonia,Estado,Telefono) VALUES (1,'Farmacia Guadalajara','Guerrero',029,5132,'Condesa','Morelos','+48 698 738 5668');
INSERT INTO Sucursal(IdSucursal,NombreSucursal,Calle,NumeroExterior,NumeroInterior,Colonia,Estado,Telefono) VALUES (2,'Farmacia San Vicente','Benito Juárez',74107,23517,'Satelite','Nuevo León','+86 133 671 5782');
INSERT INTO Sucursal(IdSucursal,NombreSucursal,Calle,NumeroExterior,NumeroInterior,Colonia,Estado,Telefono) VALUES (3,'Farmacia del Sol','Revolución',81539,17346,'San Pedro','Chihuahua','+33 388 454 7253');
INSERT INTO Sucursal(IdSucursal,NombreSucursal,Calle,NumeroExterior,NumeroInterior,Colonia,Estado,Telefono) VALUES (4,'Farmacia del Sol','Allende',5,36289,'San Pedro','Colima','+62 774 372 4096');
INSERT INTO Sucursal(IdSucursal,NombreSucursal,Calle,NumeroExterior,NumeroInterior,Colonia,Estado,Telefono) VALUES (5,'Farmacia San Ignacio','Benito Juárez',4225,98,'Cuajimalpa','Baja California','+86 471 565 8143');
INSERT INTO Sucursal(IdSucursal,NombreSucursal,Calle,NumeroExterior,NumeroInterior,Colonia,Estado,Telefono) VALUES (6,'Farmacia San Pablo','Morelos',3990,74960,'Interlomas','Jalisco','+387 431 573 1580');
INSERT INTO Sucursal(IdSucursal,NombreSucursal,Calle,NumeroExterior,NumeroInterior,Colonia,Estado,Telefono) VALUES (7,'Farmacia Guadalajara','Revolución',6,482,'Napoles','Zacatecas','+7 132 480 7759');
INSERT INTO Sucursal(IdSucursal,NombreSucursal,Calle,NumeroExterior,NumeroInterior,Colonia,Estado,Telefono) VALUES (8,'Farmacia San Lucas','Revolución',58,28447,'Del Valle','México','+63 716 549 8709');
INSERT INTO Sucursal(IdSucursal,NombreSucursal,Calle,NumeroExterior,NumeroInterior,Colonia,Estado,Telefono) VALUES (9,'Farmacia Santa Ana','Galeana',6682,1213,'San Pedro','Colima','+1 202 343 0826');
INSERT INTO Sucursal(IdSucursal,NombreSucursal,Calle,NumeroExterior,NumeroInterior,Colonia,Estado,Telefono) VALUES (10,'Farmacia San Rafael','Revolución',0,65431,'Cuajimalpa','Guanajuato','+86 672 139 1277');
INSERT INTO Sucursal(IdSucursal,NombreSucursal,Calle,NumeroExterior,NumeroInterior,Colonia,Estado,Telefono) VALUES (11,'Farmacia San Miguel','Galeana',7,009,'Roma Norte','Tabasco','+86 416 201 1604');
INSERT INTO Sucursal(IdSucursal,NombreSucursal,Calle,NumeroExterior,NumeroInterior,Colonia,Estado,Telefono) VALUES (12,'Farmacia San Lucas','Carranza',631,052,'Satelite','Tamaulipas','+62 178 310 9912');
INSERT INTO Sucursal(IdSucursal,NombreSucursal,Calle,NumeroExterior,NumeroInterior,Colonia,Estado,Telefono) VALUES (13,'Farmacia del Sol','Allende',4466,7848,'Polanco','Guerrero','+86 113 868 3035');
INSERT INTO Sucursal(IdSucursal,NombreSucursal,Calle,NumeroExterior,NumeroInterior,Colonia,Estado,Telefono) VALUES (14,'Farmacia San Antonio','Carranza',067,4780,'Satelite','Tabasco','+351 778 699 5562');
INSERT INTO Sucursal(IdSucursal,NombreSucursal,Calle,NumeroExterior,NumeroInterior,Colonia,Estado,Telefono) VALUES (15,'Farmacia San Miguel','Obregón',287,57545,'Tlalpan','México','+216 973 570 0960');
INSERT INTO Sucursal(IdSucursal,NombreSucursal,Calle,NumeroExterior,NumeroInterior,Colonia,Estado,Telefono) VALUES (16,'Farmacia Santa Ana','Zaragoza',993,11,'Interlomas','Chihuahua','+351 317 163 6053');
INSERT INTO Sucursal(IdSucursal,NombreSucursal,Calle,NumeroExterior,NumeroInterior,Colonia,Estado,Telefono) VALUES (17,'Farmacia La Paz','Lázaro Cárdenas',632,63,'Lomas de Chapultepec','México','+57 733 461 4169');
INSERT INTO Sucursal(IdSucursal,NombreSucursal,Calle,NumeroExterior,NumeroInterior,Colonia,Estado,Telefono) VALUES (18,'Farmacia San Ignacio','Madero',20,34,'Bosques de Chapultepec','Yucatán','+56 461 544 3809');
INSERT INTO Sucursal(IdSucursal,NombreSucursal,Calle,NumeroExterior,NumeroInterior,Colonia,Estado,Telefono) VALUES (19,'Farmacia San Antonio','Morelos',02,769,'Napoles','Morelos','+86 683 736 5006');
INSERT INTO Sucursal(IdSucursal,NombreSucursal,Calle,NumeroExterior,NumeroInterior,Colonia,Estado,Telefono) VALUES (20,'Farmacia La Paz','Hidalgo',4137,52514,'Lomas de Chapultepec','Sinaloa','+55 543 515 8377');
INSERT INTO Sucursal(IdSucursal,NombreSucursal,Calle,NumeroExterior,NumeroInterior,Colonia,Estado,Telefono) VALUES (21,'Farmacia San Vicente','Zaragoza',60,827,'Cuajimalpa','Chihuahua','+48 542 637 5020');
INSERT INTO Sucursal(IdSucursal,NombreSucursal,Calle,NumeroExterior,NumeroInterior,Colonia,Estado,Telefono) VALUES (22,'Farmacia del Sol','Zaragoza',0913,26,'Del Valle','Tlaxcala','+7 999 355 6870');
INSERT INTO Sucursal(IdSucursal,NombreSucursal,Calle,NumeroExterior,NumeroInterior,Colonia,Estado,Telefono) VALUES (23,'Farmacia San Juan','Carranza',271,3,'Santa Fe','Jalisco','+55 145 495 0531');
INSERT INTO Sucursal(IdSucursal,NombreSucursal,Calle,NumeroExterior,NumeroInterior,Colonia,Estado,Telefono) VALUES (24,'Farmacia San Pedro','Zaragoza',1,43570,'Coyoacan','Guerrero','+380 220 958 1097');
INSERT INTO Sucursal(IdSucursal,NombreSucursal,Calle,NumeroExterior,NumeroInterior,Colonia,Estado,Telefono) VALUES (25,'Farmacia San Miguel','Madero',38728,34,'Interlomas','Veracruz','+84 677 691 4063');
INSERT INTO Sucursal(IdSucursal,NombreSucursal,Calle,NumeroExterior,NumeroInterior,Colonia,Estado,Telefono) VALUES (26,'Farmacia San Pedro','Lázaro Cárdenas',890,349,'Condesa','Querétaro','+7 535 760 1617');
INSERT INTO Sucursal(IdSucursal,NombreSucursal,Calle,NumeroExterior,NumeroInterior,Colonia,Estado,Telefono) VALUES (27,'Farmacia San Antonio','Carranza',267,20403,'Polanco','Hidalgo','+1 214 274 3627');
INSERT INTO Sucursal(IdSucursal,NombreSucursal,Calle,NumeroExterior,NumeroInterior,Colonia,Estado,Telefono) VALUES (28,'Farmacia del Sol','Benito Juárez',158,69289,'Del Valle','Hidalgo','+86 841 460 1082');
INSERT INTO Sucursal(IdSucursal,NombreSucursal,Calle,NumeroExterior,NumeroInterior,Colonia,Estado,Telefono) VALUES (29,'Farmacia San Pablo','Juárez',8,6709,'Polanco','Guerrero','+62 630 266 5718');
INSERT INTO Sucursal(IdSucursal,NombreSucursal,Calle,NumeroExterior,NumeroInterior,Colonia,Estado,Telefono) VALUES (30,'Farmacia San Lorenzo','Allende',3,24078,'San Pedro','Baja California Sur','+63 740 825 0836');
INSERT INTO Sucursal(IdSucursal,NombreSucursal,Calle,NumeroExterior,NumeroInterior,Colonia,Estado,Telefono) VALUES (31,'Farmacia Santa Ana','Lázaro Cárdenas',59,438,'La Joya','Baja California Sur','+86 721 862 0111');
INSERT INTO Sucursal(IdSucursal,NombreSucursal,Calle,NumeroExterior,NumeroInterior,Colonia,Estado,Telefono) VALUES (32,'Farmacia del Sol','Callejón del Beso',14,0,'San Pedro','Baja California','+60 433 104 9504');
INSERT INTO Sucursal(IdSucursal,NombreSucursal,Calle,NumeroExterior,NumeroInterior,Colonia,Estado,Telefono) VALUES (33,'Farmacia San Lucas','Guerrero',21,2,'Tlalpan','Chiapas','+30 988 447 1505');
INSERT INTO Sucursal(IdSucursal,NombreSucursal,Calle,NumeroExterior,NumeroInterior,Colonia,Estado,Telefono) VALUES (34,'Farmacia San Antonio','Galeana',3283,4673,'La Joya','Tlaxcala','+55 266 725 9470');
INSERT INTO Sucursal(IdSucursal,NombreSucursal,Calle,NumeroExterior,NumeroInterior,Colonia,Estado,Telefono) VALUES (35,'Farmacia del Sol','Callejón del Beso',26,0,'Bosques de Chapultepec','Durango','+86 179 614 7670');
INSERT INTO Sucursal(IdSucursal,NombreSucursal,Calle,NumeroExterior,NumeroInterior,Colonia,Estado,Telefono) VALUES (36,'Farmacia San Lucas','Lázaro Cárdenas',72,041,'Lomas de Chapultepec','Guanajuato','+48 225 258 8347');
INSERT INTO Sucursal(IdSucursal,NombreSucursal,Calle,NumeroExterior,NumeroInterior,Colonia,Estado,Telefono) VALUES (37,'Farmacia San Antonio','Allende',0,77311,'San Pedro','Yucatán','+55 663 552 1471');
INSERT INTO Sucursal(IdSucursal,NombreSucursal,Calle,NumeroExterior,NumeroInterior,Colonia,Estado,Telefono) VALUES (38,'Farmacia San Lucas','Hidalgo',0,061,'La Joya','Chiapas','+63 941 102 8952');
INSERT INTO Sucursal(IdSucursal,NombreSucursal,Calle,NumeroExterior,NumeroInterior,Colonia,Estado,Telefono) VALUES (39,'Farmacia San Lorenzo','Allende',00712,88229,'La Joya','Aguascalientes','+251 144 816 8792');
INSERT INTO Sucursal(IdSucursal,NombreSucursal,Calle,NumeroExterior,NumeroInterior,Colonia,Estado,Telefono) VALUES (40,'Farmacia San Juan','Morelos',28927,32,'Coyoacan','Baja California Sur','+62 722 537 5377');
INSERT INTO Sucursal(IdSucursal,NombreSucursal,Calle,NumeroExterior,NumeroInterior,Colonia,Estado,Telefono) VALUES (41,'Farmacia San Rafael','Obregón',4,2,'Condesa','Hidalgo','+55 629 911 0904');
INSERT INTO Sucursal(IdSucursal,NombreSucursal,Calle,NumeroExterior,NumeroInterior,Colonia,Estado,Telefono) VALUES (42,'Farmacia San José','Zaragoza',38,06,'Santa Fe','Baja California Sur','+992 602 827 2558');
INSERT INTO Sucursal(IdSucursal,NombreSucursal,Calle,NumeroExterior,NumeroInterior,Colonia,Estado,Telefono) VALUES (43,'Farmacia San Ignacio','Revolución',70,9430,'Coyoacan','Baja California','+62 729 213 8196');
INSERT INTO Sucursal(IdSucursal,NombreSucursal,Calle,NumeroExterior,NumeroInterior,Colonia,Estado,Telefono) VALUES (44,'Farmacia San Pablo','Lázaro Cárdenas',890,2212,'Condesa','Campeche','+254 965 380 6455');
INSERT INTO Sucursal(IdSucursal,NombreSucursal,Calle,NumeroExterior,NumeroInterior,Colonia,Estado,Telefono) VALUES (45,'Farmacia San Pedro','Carranza',63162,9315,'Lomas de Chapultepec','Campeche','+86 225 192 6294');
INSERT INTO Sucursal(IdSucursal,NombreSucursal,Calle,NumeroExterior,NumeroInterior,Colonia,Estado,Telefono) VALUES (46,'Farmacia San Pedro','Lázaro Cárdenas',53,6582,'Del Valle','Guerrero','+86 250 254 5731');
INSERT INTO Sucursal(IdSucursal,NombreSucursal,Calle,NumeroExterior,NumeroInterior,Colonia,Estado,Telefono) VALUES (47,'Farmacia San Juan','Hidalgo',63417,7,'La Joya','Tamaulipas','+994 192 941 1836');
INSERT INTO Sucursal(IdSucursal,NombreSucursal,Calle,NumeroExterior,NumeroInterior,Colonia,Estado,Telefono) VALUES (48,'Farmacia San Lorenzo','Hidalgo',00,84767,'Lomas de Chapultepec','Oaxaca','+86 494 627 9048');
INSERT INTO Sucursal(IdSucursal,NombreSucursal,Calle,NumeroExterior,NumeroInterior,Colonia,Estado,Telefono) VALUES (49,'Farmacia San Ignacio','Madero',392,70292,'Lomas de Chapultepec','Tlaxcala','+389 352 710 1251');
INSERT INTO Sucursal(IdSucursal,NombreSucursal,Calle,NumeroExterior,NumeroInterior,Colonia,Estado,Telefono) VALUES (50,'Farmacia San Antonio','Lázaro Cárdenas',6,98048,'San Pedro','Tamaulipas','+7 121 253 9735');
INSERT INTO Sucursal(IdSucursal,NombreSucursal,Calle,NumeroExterior,NumeroInterior,Colonia,Estado,Telefono) VALUES (51,'Farmacia San Vicente','Morelos',75277,40456,'La Joya','Quintana Roo','+1 216 605 7592');
INSERT INTO Sucursal(IdSucursal,NombreSucursal,Calle,NumeroExterior,NumeroInterior,Colonia,Estado,Telefono) VALUES (52,'Farmacia Guadalajara','Juárez',2,628,'Bosques de Chapultepec','Chihuahua','+52 743 373 3132');
INSERT INTO Sucursal(IdSucursal,NombreSucursal,Calle,NumeroExterior,NumeroInterior,Colonia,Estado,Telefono) VALUES (53,'Farmacia San Miguel','Independencia',60033,513,'Napoles','Chihuahua','+52 412 961 5168');
INSERT INTO Sucursal(IdSucursal,NombreSucursal,Calle,NumeroExterior,NumeroInterior,Colonia,Estado,Telefono) VALUES (54,'Farmacia Guadalajara','Allende',4,114,'Roma Norte','Zacatecas','+48 964 154 2154');
INSERT INTO Sucursal(IdSucursal,NombreSucursal,Calle,NumeroExterior,NumeroInterior,Colonia,Estado,Telefono) VALUES (55,'Farmacia San Lorenzo','Guerrero',5036,2,'Del Valle','Guerrero','+54 266 830 9552');
INSERT INTO Sucursal(IdSucursal,NombreSucursal,Calle,NumeroExterior,NumeroInterior,Colonia,Estado,Telefono) VALUES (56,'Farmacia San Lucas','Callejón del Beso',3514,226,'Napoles','Yucatán','+34 262 355 5894');
INSERT INTO Sucursal(IdSucursal,NombreSucursal,Calle,NumeroExterior,NumeroInterior,Colonia,Estado,Telefono) VALUES (57,'Farmacia San Lucas','Carranza',10,66,'San Pedro','Campeche','+86 640 973 1738');
INSERT INTO Sucursal(IdSucursal,NombreSucursal,Calle,NumeroExterior,NumeroInterior,Colonia,Estado,Telefono) VALUES (58,'Farmacia del Sol','Hidalgo',1826,5340,'Condesa','Baja California Sur','+86 239 905 4892');
INSERT INTO Sucursal(IdSucursal,NombreSucursal,Calle,NumeroExterior,NumeroInterior,Colonia,Estado,Telefono) VALUES (59,'Farmacia La Paz','Morelos',73,39,'Interlomas','Nayarit','+1 977 930 4156');
INSERT INTO Sucursal(IdSucursal,NombreSucursal,Calle,NumeroExterior,NumeroInterior,Colonia,Estado,Telefono) VALUES (60,'Farmacia San Pedro','Morelos',9,1,'Polanco','Quintana Roo','+86 565 511 0418');
INSERT INTO Sucursal(IdSucursal,NombreSucursal,Calle,NumeroExterior,NumeroInterior,Colonia,Estado,Telefono) VALUES (61,'Farmacia Guadalajara','Carranza',11,1,'San Pedro','Tamaulipas','+86 214 595 6273');
INSERT INTO Sucursal(IdSucursal,NombreSucursal,Calle,NumeroExterior,NumeroInterior,Colonia,Estado,Telefono) VALUES (62,'Farmacia San Lucas','Callejón del Beso',856,40,'Coyoacan','Hidalgo','+86 481 104 8882');
INSERT INTO Sucursal(IdSucursal,NombreSucursal,Calle,NumeroExterior,NumeroInterior,Colonia,Estado,Telefono) VALUES (63,'Farmacia Santa Ana','Allende',30267,8269,'Satelite','Quintana Roo','+86 827 896 0978');
INSERT INTO Sucursal(IdSucursal,NombreSucursal,Calle,NumeroExterior,NumeroInterior,Colonia,Estado,Telefono) VALUES (64,'Farmacia Santa Ana','Hidalgo',06451,270,'Polanco','Chiapas','+66 720 410 3978');
INSERT INTO Sucursal(IdSucursal,NombreSucursal,Calle,NumeroExterior,NumeroInterior,Colonia,Estado,Telefono) VALUES (65,'Farmacia San Ignacio','Zaragoza',48,480,'Roma Norte','Hidalgo','+351 242 419 9853');
INSERT INTO Sucursal(IdSucursal,NombreSucursal,Calle,NumeroExterior,NumeroInterior,Colonia,Estado,Telefono) VALUES (66,'Farmacia Guadalajara','Juárez',17,6522,'La Joya','Chihuahua','+39 902 505 2317');
INSERT INTO Sucursal(IdSucursal,NombreSucursal,Calle,NumeroExterior,NumeroInterior,Colonia,Estado,Telefono) VALUES (67,'Farmacia San Rafael','Morelos',15,5575,'Polanco','Colima','+63 448 474 2860');
INSERT INTO Sucursal(IdSucursal,NombreSucursal,Calle,NumeroExterior,NumeroInterior,Colonia,Estado,Telefono) VALUES (68,'Farmacia San Antonio','Benito Juárez',0,29,'Santa Fe','San Luis Potosí','+66 638 795 2655');
INSERT INTO Sucursal(IdSucursal,NombreSucursal,Calle,NumeroExterior,NumeroInterior,Colonia,Estado,Telefono) VALUES (69,'Farmacia San Miguel','Lázaro Cárdenas',49,55,'La Joya','Morelos','+86 884 853 8516');
INSERT INTO Sucursal(IdSucursal,NombreSucursal,Calle,NumeroExterior,NumeroInterior,Colonia,Estado,Telefono) VALUES (70,'Farmacia San Vicente','Obregón',571,70601,'Santa Fe','Tlaxcala','+86 203 532 6015');
INSERT INTO Sucursal(IdSucursal,NombreSucursal,Calle,NumeroExterior,NumeroInterior,Colonia,Estado,Telefono) VALUES (71,'Farmacia del Sol','Morelos',69660,7435,'Tlalpan','Querétaro','+62 765 500 0279');
INSERT INTO Sucursal(IdSucursal,NombreSucursal,Calle,NumeroExterior,NumeroInterior,Colonia,Estado,Telefono) VALUES (72,'Farmacia San Rafael','Morelos',979,0,'Napoles','México','+977 729 565 1470');
INSERT INTO Sucursal(IdSucursal,NombreSucursal,Calle,NumeroExterior,NumeroInterior,Colonia,Estado,Telefono) VALUES (73,'Farmacia San Pablo','Benito Juárez',49,46,'Roma Norte','Campeche','+351 656 572 6059');
INSERT INTO Sucursal(IdSucursal,NombreSucursal,Calle,NumeroExterior,NumeroInterior,Colonia,Estado,Telefono) VALUES (74,'Farmacia Santa Ana','Madero',662,02,'Lomas de Chapultepec','Veracruz','+242 856 587 4197');
INSERT INTO Sucursal(IdSucursal,NombreSucursal,Calle,NumeroExterior,NumeroInterior,Colonia,Estado,Telefono) VALUES (75,'Farmacia San Pablo','Galeana',34,6783,'Bosques de Chapultepec','Coahuila','+86 314 260 3505');
INSERT INTO Sucursal(IdSucursal,NombreSucursal,Calle,NumeroExterior,NumeroInterior,Colonia,Estado,Telefono) VALUES (76,'Farmacia San Juan','Allende',3221,358,'Satelite','Baja California','+1 979 712 6717');
INSERT INTO Sucursal(IdSucursal,NombreSucursal,Calle,NumeroExterior,NumeroInterior,Colonia,Estado,Telefono) VALUES (77,'Farmacia San Lucas','Obregón',85769,92927,'Polanco','Guerrero','+93 275 323 3275');
INSERT INTO Sucursal(IdSucursal,NombreSucursal,Calle,NumeroExterior,NumeroInterior,Colonia,Estado,Telefono) VALUES (78,'Farmacia Santa Ana','Callejón del Beso',9495,90694,'Del Valle','Michoacán','+62 160 763 5186');
INSERT INTO Sucursal(IdSucursal,NombreSucursal,Calle,NumeroExterior,NumeroInterior,Colonia,Estado,Telefono) VALUES (79,'Farmacia San Rafael','Morelos',8,41,'Polanco','Tabasco','+63 935 219 0000');
INSERT INTO Sucursal(IdSucursal,NombreSucursal,Calle,NumeroExterior,NumeroInterior,Colonia,Estado,Telefono) VALUES (80,'Farmacia San José','Obregón',0,270,'Cuajimalpa','Veracruz','+86 869 516 1753');
INSERT INTO Sucursal(IdSucursal,NombreSucursal,Calle,NumeroExterior,NumeroInterior,Colonia,Estado,Telefono) VALUES (81,'Farmacia San Lucas','Galeana',17206,679,'Santa Fe','Jalisco','+676 868 434 7984');
INSERT INTO Sucursal(IdSucursal,NombreSucursal,Calle,NumeroExterior,NumeroInterior,Colonia,Estado,Telefono) VALUES (82,'Farmacia La Paz','Madero',48739,3857,'San Pedro','Campeche','+86 857 433 8945');
INSERT INTO Sucursal(IdSucursal,NombreSucursal,Calle,NumeroExterior,NumeroInterior,Colonia,Estado,Telefono) VALUES (83,'Farmacia San Lucas','Benito Juárez',8,5422,'Polanco','Durango','+62 846 264 8310');
INSERT INTO Sucursal(IdSucursal,NombreSucursal,Calle,NumeroExterior,NumeroInterior,Colonia,Estado,Telefono) VALUES (84,'Farmacia San Antonio','Allende',2,594,'Lomas de Chapultepec','Puebla','+55 305 702 3154');
INSERT INTO Sucursal(IdSucursal,NombreSucursal,Calle,NumeroExterior,NumeroInterior,Colonia,Estado,Telefono) VALUES (85,'Farmacia San Rafael','Carranza',159,5549,'Napoles','México','+86 640 613 2497');
INSERT INTO Sucursal(IdSucursal,NombreSucursal,Calle,NumeroExterior,NumeroInterior,Colonia,Estado,Telefono) VALUES (86,'Farmacia Guadalajara','Hidalgo',675,492,'Satelite','Guanajuato','+62 411 514 6670');
INSERT INTO Sucursal(IdSucursal,NombreSucursal,Calle,NumeroExterior,NumeroInterior,Colonia,Estado,Telefono) VALUES (87,'Farmacia San Pablo','Benito Juárez',248,6020,'Tlalpan','Morelos','+30 461 350 1570');
INSERT INTO Sucursal(IdSucursal,NombreSucursal,Calle,NumeroExterior,NumeroInterior,Colonia,Estado,Telefono) VALUES (88,'Farmacia San Vicente','Morelos',2883,15670,'Bosques de Chapultepec','Zacatecas','+975 497 287 0077');
INSERT INTO Sucursal(IdSucursal,NombreSucursal,Calle,NumeroExterior,NumeroInterior,Colonia,Estado,Telefono) VALUES (89,'Farmacia San José','Callejón del Beso',286,71082,'Napoles','Veracruz','+86 339 921 9821');
INSERT INTO Sucursal(IdSucursal,NombreSucursal,Calle,NumeroExterior,NumeroInterior,Colonia,Estado,Telefono) VALUES (90,'Farmacia San Pablo','Carranza',7,0279,'La Joya','México','+66 762 867 0521');
INSERT INTO Sucursal(IdSucursal,NombreSucursal,Calle,NumeroExterior,NumeroInterior,Colonia,Estado,Telefono) VALUES (91,'Farmacia Santa Ana','Benito Juárez',1582,8500,'Roma Norte','Tlaxcala','+351 600 719 5195');
INSERT INTO Sucursal(IdSucursal,NombreSucursal,Calle,NumeroExterior,NumeroInterior,Colonia,Estado,Telefono) VALUES (92,'Farmacia San Ignacio','Allende',0940,740,'La Joya','Nuevo León','+1 121 878 0185');
INSERT INTO Sucursal(IdSucursal,NombreSucursal,Calle,NumeroExterior,NumeroInterior,Colonia,Estado,Telefono) VALUES (93,'Farmacia San José','Carranza',785,8,'Condesa','Yucatán','+48 561 449 6863');
INSERT INTO Sucursal(IdSucursal,NombreSucursal,Calle,NumeroExterior,NumeroInterior,Colonia,Estado,Telefono) VALUES (94,'Farmacia del Sol','Hidalgo',77032,1,'Bosques de Chapultepec','Chihuahua','+33 831 237 5058');
INSERT INTO Sucursal(IdSucursal,NombreSucursal,Calle,NumeroExterior,NumeroInterior,Colonia,Estado,Telefono) VALUES (95,'Farmacia Santa Ana','Hidalgo',23748,3,'Condesa','Quintana Roo','+46 437 614 3901');
INSERT INTO Sucursal(IdSucursal,NombreSucursal,Calle,NumeroExterior,NumeroInterior,Colonia,Estado,Telefono) VALUES (96,'Farmacia Santa Ana','Benito Juárez',624,44436,'Cuajimalpa','Tlaxcala','+7 178 527 3046');
INSERT INTO Sucursal(IdSucursal,NombreSucursal,Calle,NumeroExterior,NumeroInterior,Colonia,Estado,Telefono) VALUES (97,'Farmacia San Lorenzo','Benito Juárez',2226,220,'Satelite','Sinaloa','+1 202 612 3262');
INSERT INTO Sucursal(IdSucursal,NombreSucursal,Calle,NumeroExterior,NumeroInterior,Colonia,Estado,Telefono) VALUES (98,'Farmacia San Rafael','Galeana',075,238,'Lomas de Chapultepec','México','+63 462 350 4441');
INSERT INTO Sucursal(IdSucursal,NombreSucursal,Calle,NumeroExterior,NumeroInterior,Colonia,Estado,Telefono) VALUES (99,'Farmacia San Pedro','Zaragoza',016,797,'Lomas de Chapultepec','Durango','+420 229 140 7385');
INSERT INTO Sucursal(IdSucursal,NombreSucursal,Calle,NumeroExterior,NumeroInterior,Colonia,Estado,Telefono) VALUES (100,'Farmacia La Paz','Allende',7,942,'Napoles','Veracruz','+86 613 573 7989');
INSERT INTO Sucursal(IdSucursal,NombreSucursal,Calle,NumeroExterior,NumeroInterior,Colonia,Estado,Telefono) VALUES (101,'Farmacia San Juan','Carranza',3709,8249,'La Joya','Colima','+502 817 857 1263');
INSERT INTO Sucursal(IdSucursal,NombreSucursal,Calle,NumeroExterior,NumeroInterior,Colonia,Estado,Telefono) VALUES (102,'Farmacia Guadalajara','Independencia',97885,0,'La Joya','Tabasco','+46 131 957 0038');
INSERT INTO Sucursal(IdSucursal,NombreSucursal,Calle,NumeroExterior,NumeroInterior,Colonia,Estado,Telefono) VALUES (103,'Farmacia Santa Ana','Callejón del Beso',97,5,'Interlomas','Zacatecas','+86 632 708 9254');
INSERT INTO Sucursal(IdSucursal,NombreSucursal,Calle,NumeroExterior,NumeroInterior,Colonia,Estado,Telefono) VALUES (104,'Farmacia San Miguel','Zaragoza',509,0,'Cuajimalpa','Nayarit','+55 742 130 0067');
INSERT INTO Sucursal(IdSucursal,NombreSucursal,Calle,NumeroExterior,NumeroInterior,Colonia,Estado,Telefono) VALUES (105,'Farmacia San Vicente','Hidalgo',17293,6532,'Satelite','Michoacán','+54 112 578 3326');
INSERT INTO Sucursal(IdSucursal,NombreSucursal,Calle,NumeroExterior,NumeroInterior,Colonia,Estado,Telefono) VALUES (106,'Farmacia San Juan','Zaragoza',384,3713,'Bosques de Chapultepec','Sonora','+48 830 720 6658');
INSERT INTO Sucursal(IdSucursal,NombreSucursal,Calle,NumeroExterior,NumeroInterior,Colonia,Estado,Telefono) VALUES (107,'Farmacia San Juan','Guerrero',3102,84224,'Del Valle','Querétaro','+62 934 138 6915');
INSERT INTO Sucursal(IdSucursal,NombreSucursal,Calle,NumeroExterior,NumeroInterior,Colonia,Estado,Telefono) VALUES (108,'Farmacia Guadalajara','Hidalgo',3,7,'Satelite','Quintana Roo','+33 145 303 7235');
INSERT INTO Sucursal(IdSucursal,NombreSucursal,Calle,NumeroExterior,NumeroInterior,Colonia,Estado,Telefono) VALUES (109,'Farmacia La Paz','Carranza',68,3466,'Tlalpan','Morelos','+7 835 975 8117');
INSERT INTO Sucursal(IdSucursal,NombreSucursal,Calle,NumeroExterior,NumeroInterior,Colonia,Estado,Telefono) VALUES (110,'Farmacia San Rafael','Callejón del Beso',3819,01,'Lomas de Chapultepec','Nayarit','+52 390 746 6291');
INSERT INTO Sucursal(IdSucursal,NombreSucursal,Calle,NumeroExterior,NumeroInterior,Colonia,Estado,Telefono) VALUES (111,'Farmacia San José','Obregón',4,95530,'Coyoacan','Michoacán','+86 142 561 3357');
INSERT INTO Sucursal(IdSucursal,NombreSucursal,Calle,NumeroExterior,NumeroInterior,Colonia,Estado,Telefono) VALUES (112,'Farmacia La Paz','Benito Juárez',6417,7,'La Joya','Tlaxcala','+1 712 283 6669');
INSERT INTO Sucursal(IdSucursal,NombreSucursal,Calle,NumeroExterior,NumeroInterior,Colonia,Estado,Telefono) VALUES (113,'Farmacia San Juan','Revolución',1294,99,'Santa Fe','Quintana Roo','+351 933 135 8810');
INSERT INTO Sucursal(IdSucursal,NombreSucursal,Calle,NumeroExterior,NumeroInterior,Colonia,Estado,Telefono) VALUES (114,'Farmacia Santa Ana','Hidalgo',39307,3576,'Condesa','Baja California','+48 482 335 6499');
INSERT INTO Sucursal(IdSucursal,NombreSucursal,Calle,NumeroExterior,NumeroInterior,Colonia,Estado,Telefono) VALUES (115,'Farmacia San Pablo','Revolución',271,5,'Cuajimalpa','Nuevo León','+375 621 865 5907');
INSERT INTO Sucursal(IdSucursal,NombreSucursal,Calle,NumeroExterior,NumeroInterior,Colonia,Estado,Telefono) VALUES (116,'Farmacia San Vicente','Carranza',0948,43967,'Cuajimalpa','Hidalgo','+56 170 649 6387');
INSERT INTO Sucursal(IdSucursal,NombreSucursal,Calle,NumeroExterior,NumeroInterior,Colonia,Estado,Telefono) VALUES (117,'Farmacia San Pablo','Obregón',179,0,'Coyoacan','Baja California Sur','+63 197 647 4837');
INSERT INTO Sucursal(IdSucursal,NombreSucursal,Calle,NumeroExterior,NumeroInterior,Colonia,Estado,Telefono) VALUES (118,'Farmacia San Lorenzo','Lázaro Cárdenas',9452,5,'Satelite','Tlaxcala','+86 603 276 2289');
INSERT INTO Sucursal(IdSucursal,NombreSucursal,Calle,NumeroExterior,NumeroInterior,Colonia,Estado,Telefono) VALUES (119,'Farmacia Guadalajara','Madero',53600,1,'Bosques de Chapultepec','México','+380 753 663 5207');
INSERT INTO Sucursal(IdSucursal,NombreSucursal,Calle,NumeroExterior,NumeroInterior,Colonia,Estado,Telefono) VALUES (120,'Farmacia San Pablo','Lázaro Cárdenas',490,94,'La Joya','Yucatán','+63 734 894 4444');
INSERT INTO Sucursal(IdSucursal,NombreSucursal,Calle,NumeroExterior,NumeroInterior,Colonia,Estado,Telefono) VALUES (121,'Farmacia San Antonio','Morelos',163,480,'San Pedro','Veracruz','+56 729 274 9234');
INSERT INTO Sucursal(IdSucursal,NombreSucursal,Calle,NumeroExterior,NumeroInterior,Colonia,Estado,Telefono) VALUES (122,'Farmacia San Vicente','Revolución',5,46538,'Cuajimalpa','Oaxaca','+1 810 329 6721');
INSERT INTO Sucursal(IdSucursal,NombreSucursal,Calle,NumeroExterior,NumeroInterior,Colonia,Estado,Telefono) VALUES (123,'Farmacia San Ignacio','Allende',79,37807,'Polanco','Coahuila','+55 281 553 3210');
INSERT INTO Sucursal(IdSucursal,NombreSucursal,Calle,NumeroExterior,NumeroInterior,Colonia,Estado,Telefono) VALUES (124,'Farmacia San Vicente','Carranza',55115,143,'Napoles','Tlaxcala','+63 728 148 7566');
INSERT INTO Sucursal(IdSucursal,NombreSucursal,Calle,NumeroExterior,NumeroInterior,Colonia,Estado,Telefono) VALUES (125,'Farmacia San Juan','Independencia',858,7299,'Satelite','Durango','+86 195 493 9245');
INSERT INTO Sucursal(IdSucursal,NombreSucursal,Calle,NumeroExterior,NumeroInterior,Colonia,Estado,Telefono) VALUES (126,'Farmacia San Rafael','Independencia',4,9701,'Del Valle','Guanajuato','+380 354 984 9558');
INSERT INTO Sucursal(IdSucursal,NombreSucursal,Calle,NumeroExterior,NumeroInterior,Colonia,Estado,Telefono) VALUES (127,'Farmacia San Ignacio','Allende',3534,51,'Condesa','Puebla','+63 159 637 5796');
INSERT INTO Sucursal(IdSucursal,NombreSucursal,Calle,NumeroExterior,NumeroInterior,Colonia,Estado,Telefono) VALUES (128,'Farmacia La Paz','Allende',931,2,'Lomas de Chapultepec','Jalisco','+66 425 541 4102');
INSERT INTO Sucursal(IdSucursal,NombreSucursal,Calle,NumeroExterior,NumeroInterior,Colonia,Estado,Telefono) VALUES (129,'Farmacia San José','Callejón del Beso',1099,647,'Tlalpan','Durango','+86 347 405 4883');
INSERT INTO Sucursal(IdSucursal,NombreSucursal,Calle,NumeroExterior,NumeroInterior,Colonia,Estado,Telefono) VALUES (130,'Farmacia San Antonio','Galeana',85756,76,'Santa Fe','Querétaro','+33 789 346 7298');
INSERT INTO Sucursal(IdSucursal,NombreSucursal,Calle,NumeroExterior,NumeroInterior,Colonia,Estado,Telefono) VALUES (131,'Farmacia La Paz','Carranza',9882,397,'San Pedro','Puebla','+1 119 359 3305');
INSERT INTO Sucursal(IdSucursal,NombreSucursal,Calle,NumeroExterior,NumeroInterior,Colonia,Estado,Telefono) VALUES (132,'Farmacia San Antonio','Carranza',8750,72,'Condesa','Colima','+86 193 521 5486');
INSERT INTO Sucursal(IdSucursal,NombreSucursal,Calle,NumeroExterior,NumeroInterior,Colonia,Estado,Telefono) VALUES (133,'Farmacia San Antonio','Guerrero',071,50265,'Santa Fe','Tlaxcala','+86 457 369 3828');
INSERT INTO Sucursal(IdSucursal,NombreSucursal,Calle,NumeroExterior,NumeroInterior,Colonia,Estado,Telefono) VALUES (134,'Farmacia San Ignacio','Guerrero',3,397,'Condesa','Jalisco','+86 757 734 9700');
INSERT INTO Sucursal(IdSucursal,NombreSucursal,Calle,NumeroExterior,NumeroInterior,Colonia,Estado,Telefono) VALUES (135,'Farmacia San Antonio','Allende',7303,6481,'Lomas de Chapultepec','Aguascalientes','+234 534 443 5694');
INSERT INTO Sucursal(IdSucursal,NombreSucursal,Calle,NumeroExterior,NumeroInterior,Colonia,Estado,Telefono) VALUES (136,'Farmacia San Miguel','Juárez',7,9,'Condesa','Nuevo León','+7 502 855 4839');
INSERT INTO Sucursal(IdSucursal,NombreSucursal,Calle,NumeroExterior,NumeroInterior,Colonia,Estado,Telefono) VALUES (137,'Farmacia San Lucas','Lázaro Cárdenas',3,8,'Bosques de Chapultepec','Aguascalientes','+86 854 182 1645');
INSERT INTO Sucursal(IdSucursal,NombreSucursal,Calle,NumeroExterior,NumeroInterior,Colonia,Estado,Telefono) VALUES (138,'Farmacia San Vicente','Lázaro Cárdenas',645,3,'Interlomas','Oaxaca','+351 214 999 4961');
INSERT INTO Sucursal(IdSucursal,NombreSucursal,Calle,NumeroExterior,NumeroInterior,Colonia,Estado,Telefono) VALUES (139,'Farmacia San José','Galeana',5,71404,'Tlalpan','Guerrero','+86 786 297 4796');
INSERT INTO Sucursal(IdSucursal,NombreSucursal,Calle,NumeroExterior,NumeroInterior,Colonia,Estado,Telefono) VALUES (140,'Farmacia del Sol','Guerrero',9,808,'La Joya','Colima','+386 664 651 3525');
INSERT INTO Sucursal(IdSucursal,NombreSucursal,Calle,NumeroExterior,NumeroInterior,Colonia,Estado,Telefono) VALUES (141,'Farmacia La Paz','Allende',9,461,'Polanco','México','+98 463 113 2076');
INSERT INTO Sucursal(IdSucursal,NombreSucursal,Calle,NumeroExterior,NumeroInterior,Colonia,Estado,Telefono) VALUES (142,'Farmacia Guadalajara','Obregón',95196,323,'Santa Fe','Quintana Roo','+62 442 115 2385');
INSERT INTO Sucursal(IdSucursal,NombreSucursal,Calle,NumeroExterior,NumeroInterior,Colonia,Estado,Telefono) VALUES (143,'Farmacia San Pablo','Juárez',912,19994,'La Joya','Hidalgo','+963 959 428 6583');
INSERT INTO Sucursal(IdSucursal,NombreSucursal,Calle,NumeroExterior,NumeroInterior,Colonia,Estado,Telefono) VALUES (144,'Farmacia San Lucas','Madero',51078,752,'Coyoacan','Chiapas','+98 394 773 0433');
INSERT INTO Sucursal(IdSucursal,NombreSucursal,Calle,NumeroExterior,NumeroInterior,Colonia,Estado,Telefono) VALUES (145,'Farmacia Guadalajara','Madero',702,44273,'Condesa','Veracruz','+7 275 502 4916');
INSERT INTO Sucursal(IdSucursal,NombreSucursal,Calle,NumeroExterior,NumeroInterior,Colonia,Estado,Telefono) VALUES (146,'Farmacia San Pedro','Independencia',06,9,'Condesa','Chihuahua','+420 249 407 7139');
INSERT INTO Sucursal(IdSucursal,NombreSucursal,Calle,NumeroExterior,NumeroInterior,Colonia,Estado,Telefono) VALUES (147,'Farmacia San Pedro','Independencia',48,746,'La Joya','Nuevo León','+63 260 295 6398');
INSERT INTO Sucursal(IdSucursal,NombreSucursal,Calle,NumeroExterior,NumeroInterior,Colonia,Estado,Telefono) VALUES (148,'Farmacia del Sol','Lázaro Cárdenas',781,058,'Interlomas','México','+63 885 171 3006');
INSERT INTO Sucursal(IdSucursal,NombreSucursal,Calle,NumeroExterior,NumeroInterior,Colonia,Estado,Telefono) VALUES (149,'Farmacia San Pedro','Allende',293,704,'Roma Norte','Baja California Sur','+86 360 982 0659');
INSERT INTO Sucursal(IdSucursal,NombreSucursal,Calle,NumeroExterior,NumeroInterior,Colonia,Estado,Telefono) VALUES (150,'Farmacia San Miguel','Obregón',1685,902,'San Pedro','Zacatecas','+64 543 290 8151');

-- 150 Registros de  la tabla Clinica
INSERT INTO Clinica(IdClinica,NombreClinica,NumCuarto,NumEmpleado,IdSucursal) VALUES (1,'Clínica San Antonio',15,92,75);
INSERT INTO Clinica(IdClinica,NombreClinica,NumCuarto,NumEmpleado,IdSucursal) VALUES (2,'Clínica San Antonio',12,1,136);
INSERT INTO Clinica(IdClinica,NombreClinica,NumCuarto,NumEmpleado,IdSucursal) VALUES (3,'Centro Médico del Sol',7,2,99);
INSERT INTO Clinica(IdClinica,NombreClinica,NumCuarto,NumEmpleado,IdSucursal) VALUES (4,'Centro Médico San Miguel',8,22,134);
INSERT INTO Clinica(IdClinica,NombreClinica,NumCuarto,NumEmpleado,IdSucursal) VALUES (5,'Centro Médico San Martín',3,32,73);
INSERT INTO Clinica(IdClinica,NombreClinica,NumCuarto,NumEmpleado,IdSucursal) VALUES (6,'Centro Médico San Miguel',4,13,117);
INSERT INTO Clinica(IdClinica,NombreClinica,NumCuarto,NumEmpleado,IdSucursal) VALUES (7,'Hospital Santa Ana',4,93,99);
INSERT INTO Clinica(IdClinica,NombreClinica,NumCuarto,NumEmpleado,IdSucursal) VALUES (8,'Centro Médico del Sol',12,123,17);
INSERT INTO Clinica(IdClinica,NombreClinica,NumCuarto,NumEmpleado,IdSucursal) VALUES (9,'Hospital San Lucas',15,11,17);
INSERT INTO Clinica(IdClinica,NombreClinica,NumCuarto,NumEmpleado,IdSucursal) VALUES (10,'Hospital Santa María',12,126,67);
INSERT INTO Clinica(IdClinica,NombreClinica,NumCuarto,NumEmpleado,IdSucursal) VALUES (11,'Hospital San Lucas',14,126,28);
INSERT INTO Clinica(IdClinica,NombreClinica,NumCuarto,NumEmpleado,IdSucursal) VALUES (12,'Clínica San Antonio',3,78,133);
INSERT INTO Clinica(IdClinica,NombreClinica,NumCuarto,NumEmpleado,IdSucursal) VALUES (13,'Hospital Santa Ana',10,127,95);
INSERT INTO Clinica(IdClinica,NombreClinica,NumCuarto,NumEmpleado,IdSucursal) VALUES (14,'Centro Médico San Martín',8,148,58);
INSERT INTO Clinica(IdClinica,NombreClinica,NumCuarto,NumEmpleado,IdSucursal) VALUES (15,'Clínica San Antonio',9,66,130);
INSERT INTO Clinica(IdClinica,NombreClinica,NumCuarto,NumEmpleado,IdSucursal) VALUES (16,'Hospital San Lucas',15,55,14);
INSERT INTO Clinica(IdClinica,NombreClinica,NumCuarto,NumEmpleado,IdSucursal) VALUES (17,'Hospital Santa María',12,123,28);
INSERT INTO Clinica(IdClinica,NombreClinica,NumCuarto,NumEmpleado,IdSucursal) VALUES (18,'Hospital San Juan de Dios',4,84,36);
INSERT INTO Clinica(IdClinica,NombreClinica,NumCuarto,NumEmpleado,IdSucursal) VALUES (19,'Clínica San José',4,132,97);
INSERT INTO Clinica(IdClinica,NombreClinica,NumCuarto,NumEmpleado,IdSucursal) VALUES (20,'Centro de Salud San Pablo',14,108,74);
INSERT INTO Clinica(IdClinica,NombreClinica,NumCuarto,NumEmpleado,IdSucursal) VALUES (21,'Centro de Salud San Pablo',12,119,68);
INSERT INTO Clinica(IdClinica,NombreClinica,NumCuarto,NumEmpleado,IdSucursal) VALUES (22,'Clínica San José',11,127,56);
INSERT INTO Clinica(IdClinica,NombreClinica,NumCuarto,NumEmpleado,IdSucursal) VALUES (23,'Hospital Santa María',10,137,146);
INSERT INTO Clinica(IdClinica,NombreClinica,NumCuarto,NumEmpleado,IdSucursal) VALUES (24,'Hospital San Juan de Dios',6,100,70);
INSERT INTO Clinica(IdClinica,NombreClinica,NumCuarto,NumEmpleado,IdSucursal) VALUES (25,'Hospital San Lucas',4,125,6);
INSERT INTO Clinica(IdClinica,NombreClinica,NumCuarto,NumEmpleado,IdSucursal) VALUES (26,'Centro Médico San Martín',13,4,2);
INSERT INTO Clinica(IdClinica,NombreClinica,NumCuarto,NumEmpleado,IdSucursal) VALUES (27,'Centro Médico San Miguel',3,45,28);
INSERT INTO Clinica(IdClinica,NombreClinica,NumCuarto,NumEmpleado,IdSucursal) VALUES (28,'Centro de Salud San Rafael',13,143,115);
INSERT INTO Clinica(IdClinica,NombreClinica,NumCuarto,NumEmpleado,IdSucursal) VALUES (29,'Centro Médico del Sol',4,134,102);
INSERT INTO Clinica(IdClinica,NombreClinica,NumCuarto,NumEmpleado,IdSucursal) VALUES (30,'Clínica Nuestra Señora del Carmen',7,29,76);
INSERT INTO Clinica(IdClinica,NombreClinica,NumCuarto,NumEmpleado,IdSucursal) VALUES (31,'Clínica Virgen de Guadalupe',9,61,135);
INSERT INTO Clinica(IdClinica,NombreClinica,NumCuarto,NumEmpleado,IdSucursal) VALUES (32,'Clínica San Antonio',11,63,56);
INSERT INTO Clinica(IdClinica,NombreClinica,NumCuarto,NumEmpleado,IdSucursal) VALUES (33,'Centro Médico del Sol',1,65,17);
INSERT INTO Clinica(IdClinica,NombreClinica,NumCuarto,NumEmpleado,IdSucursal) VALUES (34,'Centro de Salud San Rafael',14,130,51);
INSERT INTO Clinica(IdClinica,NombreClinica,NumCuarto,NumEmpleado,IdSucursal) VALUES (35,'Hospital Santa Ana',2,59,123);
INSERT INTO Clinica(IdClinica,NombreClinica,NumCuarto,NumEmpleado,IdSucursal) VALUES (36,'Clínica Nuestra Señora de la Salud',8,87,64);
INSERT INTO Clinica(IdClinica,NombreClinica,NumCuarto,NumEmpleado,IdSucursal) VALUES (37,'Centro de Salud San Pablo',5,90,56);
INSERT INTO Clinica(IdClinica,NombreClinica,NumCuarto,NumEmpleado,IdSucursal) VALUES (38,'Clínica Santa Rosa',13,43,21);
INSERT INTO Clinica(IdClinica,NombreClinica,NumCuarto,NumEmpleado,IdSucursal) VALUES (39,'Clínica Virgen de Guadalupe',4,126,84);
INSERT INTO Clinica(IdClinica,NombreClinica,NumCuarto,NumEmpleado,IdSucursal) VALUES (40,'Clínica San Antonio',15,54,30);
INSERT INTO Clinica(IdClinica,NombreClinica,NumCuarto,NumEmpleado,IdSucursal) VALUES (41,'Hospital San Lucas',11,74,44);
INSERT INTO Clinica(IdClinica,NombreClinica,NumCuarto,NumEmpleado,IdSucursal) VALUES (42,'Centro Médico del Sol',14,104,52);
INSERT INTO Clinica(IdClinica,NombreClinica,NumCuarto,NumEmpleado,IdSucursal) VALUES (43,'Centro Médico San Miguel',6,145,135);
INSERT INTO Clinica(IdClinica,NombreClinica,NumCuarto,NumEmpleado,IdSucursal) VALUES (44,'Hospital Santa María',15,32,138);
INSERT INTO Clinica(IdClinica,NombreClinica,NumCuarto,NumEmpleado,IdSucursal) VALUES (45,'Centro Médico del Sol',6,52,149);
INSERT INTO Clinica(IdClinica,NombreClinica,NumCuarto,NumEmpleado,IdSucursal) VALUES (46,'Hospital San Lucas',5,24,135);
INSERT INTO Clinica(IdClinica,NombreClinica,NumCuarto,NumEmpleado,IdSucursal) VALUES (47,'Clínica Santa Rosa',13,97,26);
INSERT INTO Clinica(IdClinica,NombreClinica,NumCuarto,NumEmpleado,IdSucursal) VALUES (48,'Centro Médico San Martín',2,106,71);
INSERT INTO Clinica(IdClinica,NombreClinica,NumCuarto,NumEmpleado,IdSucursal) VALUES (49,'Clínica Nuestra Señora de la Salud',6,121,74);
INSERT INTO Clinica(IdClinica,NombreClinica,NumCuarto,NumEmpleado,IdSucursal) VALUES (50,'Clínica San Antonio',8,83,117);
INSERT INTO Clinica(IdClinica,NombreClinica,NumCuarto,NumEmpleado,IdSucursal) VALUES (51,'Clínica Nuestra Señora del Carmen',11,98,58);
INSERT INTO Clinica(IdClinica,NombreClinica,NumCuarto,NumEmpleado,IdSucursal) VALUES (52,'Centro Médico San Miguel',3,50,16);
INSERT INTO Clinica(IdClinica,NombreClinica,NumCuarto,NumEmpleado,IdSucursal) VALUES (53,'Clínica Nuestra Señora del Carmen',9,27,42);
INSERT INTO Clinica(IdClinica,NombreClinica,NumCuarto,NumEmpleado,IdSucursal) VALUES (54,'Centro Médico San Martín',6,54,68);
INSERT INTO Clinica(IdClinica,NombreClinica,NumCuarto,NumEmpleado,IdSucursal) VALUES (55,'Hospital San Juan de Dios',3,104,142);
INSERT INTO Clinica(IdClinica,NombreClinica,NumCuarto,NumEmpleado,IdSucursal) VALUES (56,'Centro Médico del Sol',7,141,60);
INSERT INTO Clinica(IdClinica,NombreClinica,NumCuarto,NumEmpleado,IdSucursal) VALUES (57,'Clínica San José',9,137,114);
INSERT INTO Clinica(IdClinica,NombreClinica,NumCuarto,NumEmpleado,IdSucursal) VALUES (58,'Clínica Nuestra Señora del Carmen',5,80,86);
INSERT INTO Clinica(IdClinica,NombreClinica,NumCuarto,NumEmpleado,IdSucursal) VALUES (59,'Centro de Salud San Rafael',6,120,100);
INSERT INTO Clinica(IdClinica,NombreClinica,NumCuarto,NumEmpleado,IdSucursal) VALUES (60,'Centro de Salud San Rafael',12,148,149);
INSERT INTO Clinica(IdClinica,NombreClinica,NumCuarto,NumEmpleado,IdSucursal) VALUES (61,'Clínica Nuestra Señora del Carmen',8,37,132);
INSERT INTO Clinica(IdClinica,NombreClinica,NumCuarto,NumEmpleado,IdSucursal) VALUES (62,'Clínica Nuestra Señora del Carmen',2,27,45);
INSERT INTO Clinica(IdClinica,NombreClinica,NumCuarto,NumEmpleado,IdSucursal) VALUES (63,'Hospital San Lucas',8,135,103);
INSERT INTO Clinica(IdClinica,NombreClinica,NumCuarto,NumEmpleado,IdSucursal) VALUES (64,'Clínica Nuestra Señora del Carmen',1,132,99);
INSERT INTO Clinica(IdClinica,NombreClinica,NumCuarto,NumEmpleado,IdSucursal) VALUES (65,'Centro Médico San Martín',15,69,11);
INSERT INTO Clinica(IdClinica,NombreClinica,NumCuarto,NumEmpleado,IdSucursal) VALUES (66,'Hospital Santa Ana',7,115,79);
INSERT INTO Clinica(IdClinica,NombreClinica,NumCuarto,NumEmpleado,IdSucursal) VALUES (67,'Clínica Virgen de Guadalupe',7,133,5);
INSERT INTO Clinica(IdClinica,NombreClinica,NumCuarto,NumEmpleado,IdSucursal) VALUES (68,'Clínica Virgen de Guadalupe',12,23,12);
INSERT INTO Clinica(IdClinica,NombreClinica,NumCuarto,NumEmpleado,IdSucursal) VALUES (69,'Centro Médico del Sol',15,58,57);
INSERT INTO Clinica(IdClinica,NombreClinica,NumCuarto,NumEmpleado,IdSucursal) VALUES (70,'Centro Médico San Miguel',12,42,74);
INSERT INTO Clinica(IdClinica,NombreClinica,NumCuarto,NumEmpleado,IdSucursal) VALUES (71,'Clínica Virgen de Guadalupe',6,58,72);
INSERT INTO Clinica(IdClinica,NombreClinica,NumCuarto,NumEmpleado,IdSucursal) VALUES (72,'Clínica Nuestra Señora de la Salud',12,78,60);
INSERT INTO Clinica(IdClinica,NombreClinica,NumCuarto,NumEmpleado,IdSucursal) VALUES (73,'Clínica Nuestra Señora del Carmen',8,147,7);
INSERT INTO Clinica(IdClinica,NombreClinica,NumCuarto,NumEmpleado,IdSucursal) VALUES (74,'Clínica Virgen de Guadalupe',1,129,129);
INSERT INTO Clinica(IdClinica,NombreClinica,NumCuarto,NumEmpleado,IdSucursal) VALUES (75,'Centro Médico San Miguel',9,105,58);
INSERT INTO Clinica(IdClinica,NombreClinica,NumCuarto,NumEmpleado,IdSucursal) VALUES (76,'Centro Médico San Miguel',13,58,100);
INSERT INTO Clinica(IdClinica,NombreClinica,NumCuarto,NumEmpleado,IdSucursal) VALUES (77,'Hospital Santa Ana',11,79,146);
INSERT INTO Clinica(IdClinica,NombreClinica,NumCuarto,NumEmpleado,IdSucursal) VALUES (78,'Clínica Nuestra Señora del Carmen',12,44,64);
INSERT INTO Clinica(IdClinica,NombreClinica,NumCuarto,NumEmpleado,IdSucursal) VALUES (79,'Hospital Santa María',9,94,110);
INSERT INTO Clinica(IdClinica,NombreClinica,NumCuarto,NumEmpleado,IdSucursal) VALUES (80,'Centro Médico San Martín',9,19,29);
INSERT INTO Clinica(IdClinica,NombreClinica,NumCuarto,NumEmpleado,IdSucursal) VALUES (81,'Hospital Santa Ana',9,31,35);
INSERT INTO Clinica(IdClinica,NombreClinica,NumCuarto,NumEmpleado,IdSucursal) VALUES (82,'Clínica Santa Rosa',7,28,110);
INSERT INTO Clinica(IdClinica,NombreClinica,NumCuarto,NumEmpleado,IdSucursal) VALUES (83,'Centro Médico San Miguel',4,21,66);
INSERT INTO Clinica(IdClinica,NombreClinica,NumCuarto,NumEmpleado,IdSucursal) VALUES (84,'Centro Médico del Sol',11,18,19);
INSERT INTO Clinica(IdClinica,NombreClinica,NumCuarto,NumEmpleado,IdSucursal) VALUES (85,'Clínica Virgen de Guadalupe',4,30,1);
INSERT INTO Clinica(IdClinica,NombreClinica,NumCuarto,NumEmpleado,IdSucursal) VALUES (86,'Hospital San Juan de Dios',8,49,138);
INSERT INTO Clinica(IdClinica,NombreClinica,NumCuarto,NumEmpleado,IdSucursal) VALUES (87,'Clínica Nuestra Señora de la Salud',11,116,148);
INSERT INTO Clinica(IdClinica,NombreClinica,NumCuarto,NumEmpleado,IdSucursal) VALUES (88,'Clínica Nuestra Señora de la Salud',13,27,124);
INSERT INTO Clinica(IdClinica,NombreClinica,NumCuarto,NumEmpleado,IdSucursal) VALUES (89,'Clínica Nuestra Señora de la Salud',2,27,141);
INSERT INTO Clinica(IdClinica,NombreClinica,NumCuarto,NumEmpleado,IdSucursal) VALUES (90,'Centro Médico San Miguel',4,109,39);
INSERT INTO Clinica(IdClinica,NombreClinica,NumCuarto,NumEmpleado,IdSucursal) VALUES (91,'Centro de Salud San Rafael',4,45,69);
INSERT INTO Clinica(IdClinica,NombreClinica,NumCuarto,NumEmpleado,IdSucursal) VALUES (92,'Centro Médico San Miguel',15,92,19);
INSERT INTO Clinica(IdClinica,NombreClinica,NumCuarto,NumEmpleado,IdSucursal) VALUES (93,'Centro de Salud San Rafael',11,59,49);
INSERT INTO Clinica(IdClinica,NombreClinica,NumCuarto,NumEmpleado,IdSucursal) VALUES (94,'Hospital Santa María',8,77,119);
INSERT INTO Clinica(IdClinica,NombreClinica,NumCuarto,NumEmpleado,IdSucursal) VALUES (95,'Centro de Salud San Rafael',7,61,35);
INSERT INTO Clinica(IdClinica,NombreClinica,NumCuarto,NumEmpleado,IdSucursal) VALUES (96,'Clínica San José',14,47,55);
INSERT INTO Clinica(IdClinica,NombreClinica,NumCuarto,NumEmpleado,IdSucursal) VALUES (97,'Hospital Santa María',13,126,4);
INSERT INTO Clinica(IdClinica,NombreClinica,NumCuarto,NumEmpleado,IdSucursal) VALUES (98,'Clínica Santa Rosa',3,91,6);
INSERT INTO Clinica(IdClinica,NombreClinica,NumCuarto,NumEmpleado,IdSucursal) VALUES (99,'Hospital Santa María',11,61,40);
INSERT INTO Clinica(IdClinica,NombreClinica,NumCuarto,NumEmpleado,IdSucursal) VALUES (100,'Hospital Santa María',8,92,46);
INSERT INTO Clinica(IdClinica,NombreClinica,NumCuarto,NumEmpleado,IdSucursal) VALUES (101,'Centro de Salud San Pablo',13,54,7);
INSERT INTO Clinica(IdClinica,NombreClinica,NumCuarto,NumEmpleado,IdSucursal) VALUES (102,'Hospital San Juan de Dios',7,32,17);
INSERT INTO Clinica(IdClinica,NombreClinica,NumCuarto,NumEmpleado,IdSucursal) VALUES (103,'Centro de Salud San Pablo',15,111,10);
INSERT INTO Clinica(IdClinica,NombreClinica,NumCuarto,NumEmpleado,IdSucursal) VALUES (104,'Clínica San Antonio',2,14,7);
INSERT INTO Clinica(IdClinica,NombreClinica,NumCuarto,NumEmpleado,IdSucursal) VALUES (105,'Clínica Santa Rosa',8,57,68);
INSERT INTO Clinica(IdClinica,NombreClinica,NumCuarto,NumEmpleado,IdSucursal) VALUES (106,'Hospital Santa Ana',11,11,67);
INSERT INTO Clinica(IdClinica,NombreClinica,NumCuarto,NumEmpleado,IdSucursal) VALUES (107,'Hospital San Juan de Dios',11,9,53);
INSERT INTO Clinica(IdClinica,NombreClinica,NumCuarto,NumEmpleado,IdSucursal) VALUES (108,'Centro de Salud San Pablo',4,115,94);
INSERT INTO Clinica(IdClinica,NombreClinica,NumCuarto,NumEmpleado,IdSucursal) VALUES (109,'Hospital Santa María',11,107,134);
INSERT INTO Clinica(IdClinica,NombreClinica,NumCuarto,NumEmpleado,IdSucursal) VALUES (110,'Hospital Santa Ana',4,14,64);
INSERT INTO Clinica(IdClinica,NombreClinica,NumCuarto,NumEmpleado,IdSucursal) VALUES (111,'Hospital Santa María',7,12,5);
INSERT INTO Clinica(IdClinica,NombreClinica,NumCuarto,NumEmpleado,IdSucursal) VALUES (112,'Centro Médico San Martín',8,105,119);
INSERT INTO Clinica(IdClinica,NombreClinica,NumCuarto,NumEmpleado,IdSucursal) VALUES (113,'Centro Médico del Sol',14,83,144);
INSERT INTO Clinica(IdClinica,NombreClinica,NumCuarto,NumEmpleado,IdSucursal) VALUES (114,'Clínica Santa Rosa',4,54,58);
INSERT INTO Clinica(IdClinica,NombreClinica,NumCuarto,NumEmpleado,IdSucursal) VALUES (115,'Hospital Santa Ana',11,71,31);
INSERT INTO Clinica(IdClinica,NombreClinica,NumCuarto,NumEmpleado,IdSucursal) VALUES (116,'Clínica Santa Rosa',3,109,137);
INSERT INTO Clinica(IdClinica,NombreClinica,NumCuarto,NumEmpleado,IdSucursal) VALUES (117,'Hospital San Lucas',6,26,127);
INSERT INTO Clinica(IdClinica,NombreClinica,NumCuarto,NumEmpleado,IdSucursal) VALUES (118,'Clínica Santa Rosa',8,39,122);
INSERT INTO Clinica(IdClinica,NombreClinica,NumCuarto,NumEmpleado,IdSucursal) VALUES (119,'Centro de Salud San Pablo',11,142,149);
INSERT INTO Clinica(IdClinica,NombreClinica,NumCuarto,NumEmpleado,IdSucursal) VALUES (120,'Hospital Santa María',15,147,84);
INSERT INTO Clinica(IdClinica,NombreClinica,NumCuarto,NumEmpleado,IdSucursal) VALUES (121,'Clínica Virgen de Guadalupe',8,136,88);
INSERT INTO Clinica(IdClinica,NombreClinica,NumCuarto,NumEmpleado,IdSucursal) VALUES (122,'Hospital Santa Ana',3,89,71);
INSERT INTO Clinica(IdClinica,NombreClinica,NumCuarto,NumEmpleado,IdSucursal) VALUES (123,'Centro Médico del Sol',10,100,88);
INSERT INTO Clinica(IdClinica,NombreClinica,NumCuarto,NumEmpleado,IdSucursal) VALUES (124,'Centro Médico San Miguel',7,11,126);
INSERT INTO Clinica(IdClinica,NombreClinica,NumCuarto,NumEmpleado,IdSucursal) VALUES (125,'Centro Médico del Sol',1,73,101);
INSERT INTO Clinica(IdClinica,NombreClinica,NumCuarto,NumEmpleado,IdSucursal) VALUES (126,'Hospital Santa María',1,26,49);
INSERT INTO Clinica(IdClinica,NombreClinica,NumCuarto,NumEmpleado,IdSucursal) VALUES (127,'Centro Médico del Sol',7,60,111);
INSERT INTO Clinica(IdClinica,NombreClinica,NumCuarto,NumEmpleado,IdSucursal) VALUES (128,'Centro de Salud San Pablo',12,2,65);
INSERT INTO Clinica(IdClinica,NombreClinica,NumCuarto,NumEmpleado,IdSucursal) VALUES (129,'Centro de Salud San Pablo',13,129,28);
INSERT INTO Clinica(IdClinica,NombreClinica,NumCuarto,NumEmpleado,IdSucursal) VALUES (130,'Centro Médico San Martín',7,134,2);
INSERT INTO Clinica(IdClinica,NombreClinica,NumCuarto,NumEmpleado,IdSucursal) VALUES (131,'Clínica San Antonio',9,83,22);
INSERT INTO Clinica(IdClinica,NombreClinica,NumCuarto,NumEmpleado,IdSucursal) VALUES (132,'Clínica Santa Rosa',15,94,99);
INSERT INTO Clinica(IdClinica,NombreClinica,NumCuarto,NumEmpleado,IdSucursal) VALUES (133,'Clínica Virgen de Guadalupe',14,42,118);
INSERT INTO Clinica(IdClinica,NombreClinica,NumCuarto,NumEmpleado,IdSucursal) VALUES (134,'Clínica Nuestra Señora de la Salud',8,75,8);
INSERT INTO Clinica(IdClinica,NombreClinica,NumCuarto,NumEmpleado,IdSucursal) VALUES (135,'Centro de Salud San Rafael',12,149,48);
INSERT INTO Clinica(IdClinica,NombreClinica,NumCuarto,NumEmpleado,IdSucursal) VALUES (136,'Clínica Nuestra Señora del Carmen',5,123,37);
INSERT INTO Clinica(IdClinica,NombreClinica,NumCuarto,NumEmpleado,IdSucursal) VALUES (137,'Hospital San Lucas',10,30,104);
INSERT INTO Clinica(IdClinica,NombreClinica,NumCuarto,NumEmpleado,IdSucursal) VALUES (138,'Hospital San Lucas',4,32,54);
INSERT INTO Clinica(IdClinica,NombreClinica,NumCuarto,NumEmpleado,IdSucursal) VALUES (139,'Centro Médico San Miguel',6,134,27);
INSERT INTO Clinica(IdClinica,NombreClinica,NumCuarto,NumEmpleado,IdSucursal) VALUES (140,'Clínica Virgen de Guadalupe',1,148,103);
INSERT INTO Clinica(IdClinica,NombreClinica,NumCuarto,NumEmpleado,IdSucursal) VALUES (141,'Clínica San Antonio',3,132,90);
INSERT INTO Clinica(IdClinica,NombreClinica,NumCuarto,NumEmpleado,IdSucursal) VALUES (142,'Hospital San Lucas',13,76,109);
INSERT INTO Clinica(IdClinica,NombreClinica,NumCuarto,NumEmpleado,IdSucursal) VALUES (143,'Hospital Santa María',9,74,119);
INSERT INTO Clinica(IdClinica,NombreClinica,NumCuarto,NumEmpleado,IdSucursal) VALUES (144,'Centro de Salud San Pablo',12,24,63);
INSERT INTO Clinica(IdClinica,NombreClinica,NumCuarto,NumEmpleado,IdSucursal) VALUES (145,'Hospital Santa Ana',3,78,36);
INSERT INTO Clinica(IdClinica,NombreClinica,NumCuarto,NumEmpleado,IdSucursal) VALUES (146,'Hospital Santa Ana',7,71,104);
INSERT INTO Clinica(IdClinica,NombreClinica,NumCuarto,NumEmpleado,IdSucursal) VALUES (147,'Hospital Santa María',2,71,132);
INSERT INTO Clinica(IdClinica,NombreClinica,NumCuarto,NumEmpleado,IdSucursal) VALUES (148,'Centro de Salud San Rafael',14,141,106);
INSERT INTO Clinica(IdClinica,NombreClinica,NumCuarto,NumEmpleado,IdSucursal) VALUES (149,'Clínica Santa Rosa',9,116,43);
INSERT INTO Clinica(IdClinica,NombreClinica,NumCuarto,NumEmpleado,IdSucursal) VALUES (150,'Clínica Virgen de Guadalupe',14,133,120);

-- 150 registros de la tabla Medico
INSERT INTO Medico(RFC,Nombre,Paterno,Materno,Calle,NumeroExterior,NumeroInterior,Colonia,Estado,Dia,Entrada,Salida,Salario,IdSucursal,InstitucionEgreso,VigenciaCertificacion,CedulaProfesional) VALUES ('YGDH530811574','Lora','Mashal','Ever','Guerrero',1,218,'El Paraíso','Hidalgo','Miercoles','17:53','01:53',21643434.53,18,'Instituto Nacional de Ciencias de la Salud','12/7/2028',96284235);
INSERT INTO Medico(RFC,Nombre,Paterno,Materno,Calle,NumeroExterior,NumeroInterior,Colonia,Estado,Dia,Entrada,Salida,Salario,IdSucursal,InstitucionEgreso,VigenciaCertificacion,CedulaProfesional) VALUES ('BJDW840404Y54','Seymour','Harpin','Pettinger','González',396,9533,'San Pedro','Michoacán','Lunes','0:09','08:09',96531069.47,34,'Escuela de Medicina y Ciencias de la Salud','5/7/2025',6764613);
INSERT INTO Medico(RFC,Nombre,Paterno,Materno,Calle,NumeroExterior,NumeroInterior,Colonia,Estado,Dia,Entrada,Salida,Salario,IdSucursal,InstitucionEgreso,VigenciaCertificacion,CedulaProfesional) VALUES ('OTVT1508020H3','Tripp','Jeannesson','Foden','Callejón del Beso',79,1615,'El Paraíso','Aguascalientes','Jueves','8:42','16:42',265462.91,124,'Centro de Estudios Médicos Avanzados','9/1/2023',8946978);
INSERT INTO Medico(RFC,Nombre,Paterno,Materno,Calle,NumeroExterior,NumeroInterior,Colonia,Estado,Dia,Entrada,Salida,Salario,IdSucursal,InstitucionEgreso,VigenciaCertificacion,CedulaProfesional) VALUES ('OXKE8801268K6','Marlo','Broose','Crennell','Callejón de la Condesa',88,14817,'San Miguel','Nayarit','Miercoles','1:30','09:30',28660650.26,113,'Colegio de Médicos y Cirujanos','7/31/2028',6953933);
INSERT INTO Medico(RFC,Nombre,Paterno,Materno,Calle,NumeroExterior,NumeroInterior,Colonia,Estado,Dia,Entrada,Salida,Salario,IdSucursal,InstitucionEgreso,VigenciaCertificacion,CedulaProfesional) VALUES ('MJRB010512N14','Lilith','Garwood','de Guise','Gutiérrez',7084,87145,'Villa de las Flores','Oaxaca','Martes','14:00','22:00',76788732.79,76,'Instituto de Salud Pública','4/14/2028',6745629);
INSERT INTO Medico(RFC,Nombre,Paterno,Materno,Calle,NumeroExterior,NumeroInterior,Colonia,Estado,Dia,Entrada,Salida,Salario,IdSucursal,InstitucionEgreso,VigenciaCertificacion,CedulaProfesional) VALUES ('AWUR091108G09','Margarette','Ponde','Schoenfisch','Benito Juárez',8,56906,'La Joya','Baja California','Sabado','0:09','08:09',68145685.03,21,'Facultad de Medicina y Cirugía','3/10/2026',45067461);
INSERT INTO Medico(RFC,Nombre,Paterno,Materno,Calle,NumeroExterior,NumeroInterior,Colonia,Estado,Dia,Entrada,Salida,Salario,IdSucursal,InstitucionEgreso,VigenciaCertificacion,CedulaProfesional) VALUES ('MOLL781103Q37','Kelley','Gerbel','Bohin','Zaragoza',4,40,'San Pedro','Veracruz','Miercoles','7:30','15:30',16231378.46,123,'Escuela de Medicina y Ciencias de la Salud','7/10/2029',58936336);
INSERT INTO Medico(RFC,Nombre,Paterno,Materno,Calle,NumeroExterior,NumeroInterior,Colonia,Estado,Dia,Entrada,Salida,Salario,IdSucursal,InstitucionEgreso,VigenciaCertificacion,CedulaProfesional) VALUES ('LMYE540720C69','Beltran','Yude','Varga','Pino Suárez',971,97,'Las Palmas','Hidalgo','Jueves','1:08','09:08',74127909.75,85,'Instituto de Investigación Médica','3/9/2024',4752938);
INSERT INTO Medico(RFC,Nombre,Paterno,Materno,Calle,NumeroExterior,NumeroInterior,Colonia,Estado,Dia,Entrada,Salida,Salario,IdSucursal,InstitucionEgreso,VigenciaCertificacion,CedulaProfesional) VALUES ('HFZQ921115LV0','Mycah','Devon','Glason','Zaragoza',0363,04,'La Primavera','Baja California','Domingo','22:47','06:47',81135310.57,41,'Colegio de Médicos y Cirujanos','6/20/2029',00501133);
INSERT INTO Medico(RFC,Nombre,Paterno,Materno,Calle,NumeroExterior,NumeroInterior,Colonia,Estado,Dia,Entrada,Salida,Salario,IdSucursal,InstitucionEgreso,VigenciaCertificacion,CedulaProfesional) VALUES ('XQXJ180420L38','Regina','Dillway','Ciccone','Guerrero',082,56616,'San Miguel','Jalisco','Lunes','0:34','08:34',16292295.32,5,'Universidad Nacional de Medicina','10/13/2022',1254411);
INSERT INTO Medico(RFC,Nombre,Paterno,Materno,Calle,NumeroExterior,NumeroInterior,Colonia,Estado,Dia,Entrada,Salida,Salario,IdSucursal,InstitucionEgreso,VigenciaCertificacion,CedulaProfesional) VALUES ('VBFA430225K27','Verla','Heeney','Lamplough','Obregón',31624,384,'San Pedro','Veracruz','Lunes','18:07','02:07',18773123.94,16,'Hospital Universitario de Medicina','12/11/2029',6709439);
INSERT INTO Medico(RFC,Nombre,Paterno,Materno,Calle,NumeroExterior,NumeroInterior,Colonia,Estado,Dia,Entrada,Salida,Salario,IdSucursal,InstitucionEgreso,VigenciaCertificacion,CedulaProfesional) VALUES ('XPKB2106207P5','Mahala','Lyste','Bruno','Carranza',3,3,'San Pedro','Durango','Lunes','16:30','00:30',55430421.51,110,'Hospital Universitario de Medicina','7/28/2022',3852430);
INSERT INTO Medico(RFC,Nombre,Paterno,Materno,Calle,NumeroExterior,NumeroInterior,Colonia,Estado,Dia,Entrada,Salida,Salario,IdSucursal,InstitucionEgreso,VigenciaCertificacion,CedulaProfesional) VALUES ('OFVW890201441','Harmonia','Crayk','Duckwith','Revolución',808,7747,'San Pedro','Campeche','Domingo','21:31','05:31',53819179.79,4,'Facultad de Medicina y Cirugía','9/23/2026',7579442);
INSERT INTO Medico(RFC,Nombre,Paterno,Materno,Calle,NumeroExterior,NumeroInterior,Colonia,Estado,Dia,Entrada,Salida,Salario,IdSucursal,InstitucionEgreso,VigenciaCertificacion,CedulaProfesional) VALUES ('VLOI3507186G0','Elmore','Copins','Evans','Gutiérrez',14,9959,'Bosques de Chapultepec','Jalisco','Domingo','20:26','04:26',7530164.19,150,'Hospital Universitario de Medicina','9/11/2022',6041315);
INSERT INTO Medico(RFC,Nombre,Paterno,Materno,Calle,NumeroExterior,NumeroInterior,Colonia,Estado,Dia,Entrada,Salida,Salario,IdSucursal,InstitucionEgreso,VigenciaCertificacion,CedulaProfesional) VALUES ('RGWG181002E82','Homere','Croal','Satterfitt','Gutiérrez',492,11035,'San Miguel','Michoacán','Martes','7:59','15:59',79140934.77,136,'Centro de Estudios Médicos Avanzados','9/9/2027',14926701);
INSERT INTO Medico(RFC,Nombre,Paterno,Materno,Calle,NumeroExterior,NumeroInterior,Colonia,Estado,Dia,Entrada,Salida,Salario,IdSucursal,InstitucionEgreso,VigenciaCertificacion,CedulaProfesional) VALUES ('FRKH1912178U4','Madlin','Izzatt','Kunneke','Allende',6711,0,'Los Pinos','Campeche','Sabado','22:49','06:49',3138811.27,57,'Universidad Nacional de Medicina','12/15/2022',1073477);
INSERT INTO Medico(RFC,Nombre,Paterno,Materno,Calle,NumeroExterior,NumeroInterior,Colonia,Estado,Dia,Entrada,Salida,Salario,IdSucursal,InstitucionEgreso,VigenciaCertificacion,CedulaProfesional) VALUES ('VKGM4510223E6','Shanie','Elphey','Marcussen','Callejón del Beso',95,1,'Villa de las Flores','Hidalgo','Domingo','1:27','09:27',29220974.71,18,'Hospital Universitario de Medicina','4/13/2025',94983904);
INSERT INTO Medico(RFC,Nombre,Paterno,Materno,Calle,NumeroExterior,NumeroInterior,Colonia,Estado,Dia,Entrada,Salida,Salario,IdSucursal,InstitucionEgreso,VigenciaCertificacion,CedulaProfesional) VALUES ('DOJY221109N95','Regen','Thorndycraft','Bengtson','Juárez',653,54,'Bosques de Chapultepec','Aguascalientes','Martes','5:51','13:51',41712209.91,134,'Facultad de Medicina y Cirugía','10/8/2029',1931799);
INSERT INTO Medico(RFC,Nombre,Paterno,Materno,Calle,NumeroExterior,NumeroInterior,Colonia,Estado,Dia,Entrada,Salida,Salario,IdSucursal,InstitucionEgreso,VigenciaCertificacion,CedulaProfesional) VALUES ('GCHS600905705','Meta','Gary','Howlin','Madero',0,8817,'Los Pinos','Tamaulipas','Sabado','4:31','12:31',66625598.53,28,'Universidad Nacional de Medicina','12/7/2024',51167790);
INSERT INTO Medico(RFC,Nombre,Paterno,Materno,Calle,NumeroExterior,NumeroInterior,Colonia,Estado,Dia,Entrada,Salida,Salario,IdSucursal,InstitucionEgreso,VigenciaCertificacion,CedulaProfesional) VALUES ('DWLQ110302645','Perry','Waterland','Dare','Callejón de la Amargura',48618,707,'Las Palmas','Oaxaca','Sabado','18:23','02:23',30511112.34,139,'Instituto Nacional de Ciencias de la Salud','7/26/2023',08425047);
INSERT INTO Medico(RFC,Nombre,Paterno,Materno,Calle,NumeroExterior,NumeroInterior,Colonia,Estado,Dia,Entrada,Salida,Salario,IdSucursal,InstitucionEgreso,VigenciaCertificacion,CedulaProfesional) VALUES ('ZWSX830302924','Magdaia','Zupo','Iacivelli','Callejón del Beso',01,17,'Santa Cruz','Tamaulipas','Sabado','14:16','22:16',43515351.75,139,'Instituto Nacional de Ciencias de la Salud','12/22/2024',8841312);
INSERT INTO Medico(RFC,Nombre,Paterno,Materno,Calle,NumeroExterior,NumeroInterior,Colonia,Estado,Dia,Entrada,Salida,Salario,IdSucursal,InstitucionEgreso,VigenciaCertificacion,CedulaProfesional) VALUES ('MNAN471009610','Jakob','Coalburn','Churchard','Zaragoza',87,12987,'Bosques de Chapultepec','Puebla','Sabado','5:06','13:06',15635165.1,96,'Instituto de Salud Pública','12/31/2030',33436370);
INSERT INTO Medico(RFC,Nombre,Paterno,Materno,Calle,NumeroExterior,NumeroInterior,Colonia,Estado,Dia,Entrada,Salida,Salario,IdSucursal,InstitucionEgreso,VigenciaCertificacion,CedulaProfesional) VALUES ('TRZV331201173','Kamillah','Glencross','O''Keefe','Callejón de los Sapos',3,9364,'Las Palmas','Campeche','Martes','4:18','12:18',50827970.43,80,'Centro de Estudios Médicos Avanzados','4/17/2030',72263314);
INSERT INTO Medico(RFC,Nombre,Paterno,Materno,Calle,NumeroExterior,NumeroInterior,Colonia,Estado,Dia,Entrada,Salida,Salario,IdSucursal,InstitucionEgreso,VigenciaCertificacion,CedulaProfesional) VALUES ('DWVK561222XQ4','Lilyan','Penhaleurack','Dreher','Juárez',6,108,'El Rosario','Veracruz','Martes','8:50','16:50',7421354.77,35,'Instituto Nacional de Ciencias de la Salud','4/23/2024',3652507);
INSERT INTO Medico(RFC,Nombre,Paterno,Materno,Calle,NumeroExterior,NumeroInterior,Colonia,Estado,Dia,Entrada,Salida,Salario,IdSucursal,InstitucionEgreso,VigenciaCertificacion,CedulaProfesional) VALUES ('FSAW6212075H6','Free','Rotter','Harriman','Callejón de la Amargura',15451,8019,'La Aurora','Baja California','Domingo','17:53','01:53',93576682.65,67,'Instituto de Salud Pública','4/28/2026',19779166);
INSERT INTO Medico(RFC,Nombre,Paterno,Materno,Calle,NumeroExterior,NumeroInterior,Colonia,Estado,Dia,Entrada,Salida,Salario,IdSucursal,InstitucionEgreso,VigenciaCertificacion,CedulaProfesional) VALUES ('WRDO6402027I2','Ardine','Holyard','Brooksbank','Pino Suárez',4,0,'El Paraíso','Oaxaca','Lunes','10:30','18:30',95751248.0,78,'Escuela Superior de Ciencias de la Salud','1/7/2025',59095725);
INSERT INTO Medico(RFC,Nombre,Paterno,Materno,Calle,NumeroExterior,NumeroInterior,Colonia,Estado,Dia,Entrada,Salida,Salario,IdSucursal,InstitucionEgreso,VigenciaCertificacion,CedulaProfesional) VALUES ('YYBB750815N30','Elspeth','Blackborow','Richmond','Revolución',405,1815,'Bosques de Chapultepec','Nayarit','Lunes','1:19','09:19',55509649.88,29,'Centro de Estudios Médicos Avanzados','9/8/2029',10918853);
INSERT INTO Medico(RFC,Nombre,Paterno,Materno,Calle,NumeroExterior,NumeroInterior,Colonia,Estado,Dia,Entrada,Salida,Salario,IdSucursal,InstitucionEgreso,VigenciaCertificacion,CedulaProfesional) VALUES ('MBOV531123050','Erinna','Jorden','Uren','Gutiérrez',38613,23196,'Villa de las Flores','Campeche','Sabado','0:13','08:13',90346488.23,96,'Facultad de Medicina y Cirugía','11/3/2024',3557079);
INSERT INTO Medico(RFC,Nombre,Paterno,Materno,Calle,NumeroExterior,NumeroInterior,Colonia,Estado,Dia,Entrada,Salida,Salario,IdSucursal,InstitucionEgreso,VigenciaCertificacion,CedulaProfesional) VALUES ('ROJP2905026N0','Stepha','Gisby','Keast','Madero',99,9,'La Aurora','Jalisco','Domingo','15:29','23:29',63849433.7,17,'Colegio de Médicos y Cirujanos','1/22/2022',65773756);
INSERT INTO Medico(RFC,Nombre,Paterno,Materno,Calle,NumeroExterior,NumeroInterior,Colonia,Estado,Dia,Entrada,Salida,Salario,IdSucursal,InstitucionEgreso,VigenciaCertificacion,CedulaProfesional) VALUES ('LTBF771007JV6','Colan','Lush','Sabathe','Zaragoza',273,401,'Santa Cruz','Hidalgo','Sabado','23:02','07:02',80213435.5,12,'Hospital Universitario de Medicina','11/30/2021',8863541);
INSERT INTO Medico(RFC,Nombre,Paterno,Materno,Calle,NumeroExterior,NumeroInterior,Colonia,Estado,Dia,Entrada,Salida,Salario,IdSucursal,InstitucionEgreso,VigenciaCertificacion,CedulaProfesional) VALUES ('OUOL731007FM6','Cornelia','Grainge','Antonelli','Carranza',28323,9,'Santa Cruz','Querétaro','Domingo','18:21','02:21',5515293.66,87,'Escuela Superior de Ciencias de la Salud','5/31/2023',63695664);
INSERT INTO Medico(RFC,Nombre,Paterno,Materno,Calle,NumeroExterior,NumeroInterior,Colonia,Estado,Dia,Entrada,Salida,Salario,IdSucursal,InstitucionEgreso,VigenciaCertificacion,CedulaProfesional) VALUES ('PFJR1812011L4','Jenna','Bonsall','Phateplace','Callejón del Beso',4979,46233,'La Primavera','Guanajuato','Miercoles','16:13','00:13',63487519.44,13,'Escuela Superior de Ciencias de la Salud','1/24/2029',27141829);
INSERT INTO Medico(RFC,Nombre,Paterno,Materno,Calle,NumeroExterior,NumeroInterior,Colonia,Estado,Dia,Entrada,Salida,Salario,IdSucursal,InstitucionEgreso,VigenciaCertificacion,CedulaProfesional) VALUES ('PCFQ950407596','Anjela','Vossgen','Pow','Gutiérrez',4117,67960,'Bosques de Chapultepec','Hidalgo','Domingo','12:44','20:44',16221857.54,147,'Facultad de Medicina y Cirugía','4/13/2024',2253922);
INSERT INTO Medico(RFC,Nombre,Paterno,Materno,Calle,NumeroExterior,NumeroInterior,Colonia,Estado,Dia,Entrada,Salida,Salario,IdSucursal,InstitucionEgreso,VigenciaCertificacion,CedulaProfesional) VALUES ('RGZF260220177','Leoine','McKune','Muress','Morelos',93648,014,'El Paraíso','Guanajuato','Sabado','20:30','04:30',11343023.28,38,'Hospital Universitario de Medicina','11/18/2027',31501770);
INSERT INTO Medico(RFC,Nombre,Paterno,Materno,Calle,NumeroExterior,NumeroInterior,Colonia,Estado,Dia,Entrada,Salida,Salario,IdSucursal,InstitucionEgreso,VigenciaCertificacion,CedulaProfesional) VALUES ('CJDZ880705A95','Tarah','Hurich','Dorcey','Callejón del Beso',54930,259,'El Rosario','Puebla','Lunes','21:31','05:31',91682562.26,42,'Facultad de Medicina y Cirugía','9/28/2023',19378159);
INSERT INTO Medico(RFC,Nombre,Paterno,Materno,Calle,NumeroExterior,NumeroInterior,Colonia,Estado,Dia,Entrada,Salida,Salario,IdSucursal,InstitucionEgreso,VigenciaCertificacion,CedulaProfesional) VALUES ('ZLSR561008773','Seth','Bielby','Spellecy','Revolución',24,78761,'Santa Cruz','Hidalgo','Lunes','22:29','06:29',77075410.94,25,'Escuela de Medicina y Ciencias de la Salud','3/10/2030',09723124);
INSERT INTO Medico(RFC,Nombre,Paterno,Materno,Calle,NumeroExterior,NumeroInterior,Colonia,Estado,Dia,Entrada,Salida,Salario,IdSucursal,InstitucionEgreso,VigenciaCertificacion,CedulaProfesional) VALUES ('TDWC041124025','Rosemonde','Nurny','Tolemache','González',7379,76,'La Primavera','Sinaloa','Miercoles','2:17','10:17',30221566.95,84,'Facultad de Medicina y Cirugía','7/13/2024',2207650);
INSERT INTO Medico(RFC,Nombre,Paterno,Materno,Calle,NumeroExterior,NumeroInterior,Colonia,Estado,Dia,Entrada,Salida,Salario,IdSucursal,InstitucionEgreso,VigenciaCertificacion,CedulaProfesional) VALUES ('MMCM370606204','Jeffie','Paliser','Itzkin','Callejón de la Condesa',727,754,'Las Palmas','Michoacán','Sabado','1:57','09:57',51747718.57,86,'Hospital Universitario de Medicina','12/17/2022',54968282);
INSERT INTO Medico(RFC,Nombre,Paterno,Materno,Calle,NumeroExterior,NumeroInterior,Colonia,Estado,Dia,Entrada,Salida,Salario,IdSucursal,InstitucionEgreso,VigenciaCertificacion,CedulaProfesional) VALUES ('XYET0310076Z8','Eloise','Chung','Juan','Obregón',1,89,'La Aurora','Aguascalientes','Martes','23:01','07:01',16577188.11,4,'Facultad de Medicina y Cirugía','8/26/2029',59651635);
INSERT INTO Medico(RFC,Nombre,Paterno,Materno,Calle,NumeroExterior,NumeroInterior,Colonia,Estado,Dia,Entrada,Salida,Salario,IdSucursal,InstitucionEgreso,VigenciaCertificacion,CedulaProfesional) VALUES ('TRWC561006QK3','Valdemar','Brant','Phippin','López Mateos',473,21358,'San Pedro','Campeche','Jueves','5:46','13:46',20863385.7,96,'Facultad de Medicina y Cirugía','12/20/2025',91095396);
INSERT INTO Medico(RFC,Nombre,Paterno,Materno,Calle,NumeroExterior,NumeroInterior,Colonia,Estado,Dia,Entrada,Salida,Salario,IdSucursal,InstitucionEgreso,VigenciaCertificacion,CedulaProfesional) VALUES ('GJYP041103RH9','Elfie','Tarbin','Hazelton','Allende',9882,86,'San Pedro','Sinaloa','Sabado','7:03','15:03',56200717.19,139,'Instituto Nacional de Ciencias de la Salud','12/31/2021',1553082);
INSERT INTO Medico(RFC,Nombre,Paterno,Materno,Calle,NumeroExterior,NumeroInterior,Colonia,Estado,Dia,Entrada,Salida,Salario,IdSucursal,InstitucionEgreso,VigenciaCertificacion,CedulaProfesional) VALUES ('BOKR750421HF1','Annmarie','Pavlenko','Drinkhall','Callejón de los Sapos',80,693,'Villa de las Flores','Guanajuato','Miercoles','7:22','15:22',96511892.09,116,'Centro de Estudios Médicos Avanzados','8/4/2030',9311142);
INSERT INTO Medico(RFC,Nombre,Paterno,Materno,Calle,NumeroExterior,NumeroInterior,Colonia,Estado,Dia,Entrada,Salida,Salario,IdSucursal,InstitucionEgreso,VigenciaCertificacion,CedulaProfesional) VALUES ('PUDV880124673','Judith','Switland','Vaneev','Morelos',5037,8,'San José','Puebla','Jueves','7:10','15:10',67644779.3,1,'Instituto Nacional de Ciencias de la Salud','6/22/2025',8805712);
INSERT INTO Medico(RFC,Nombre,Paterno,Materno,Calle,NumeroExterior,NumeroInterior,Colonia,Estado,Dia,Entrada,Salida,Salario,IdSucursal,InstitucionEgreso,VigenciaCertificacion,CedulaProfesional) VALUES ('MNJE4405059U7','Zaneta','Philcott','Audry','Revolución',4,48684,'San José','Campeche','Lunes','16:45','00:45',80938428.3,44,'Instituto de Investigación Médica','12/29/2029',1500683);
INSERT INTO Medico(RFC,Nombre,Paterno,Materno,Calle,NumeroExterior,NumeroInterior,Colonia,Estado,Dia,Entrada,Salida,Salario,IdSucursal,InstitucionEgreso,VigenciaCertificacion,CedulaProfesional) VALUES ('NRKL570220S48','Hildy','Jevon','O''Spellissey','Pino Suárez',750,37,'El Rosario','Puebla','Domingo','18:39','02:39',78629522.71,24,'Escuela Superior de Ciencias de la Salud','3/2/2030',58685941);
INSERT INTO Medico(RFC,Nombre,Paterno,Materno,Calle,NumeroExterior,NumeroInterior,Colonia,Estado,Dia,Entrada,Salida,Salario,IdSucursal,InstitucionEgreso,VigenciaCertificacion,CedulaProfesional) VALUES ('LYZK940609IA9','Lucina','Walsom','De Nisco','López Mateos',67385,4,'Los Pinos','Jalisco','Lunes','19:21','03:21',5004525.92,7,'Universidad Nacional de Medicina','9/21/2025',65184012);
INSERT INTO Medico(RFC,Nombre,Paterno,Materno,Calle,NumeroExterior,NumeroInterior,Colonia,Estado,Dia,Entrada,Salida,Salario,IdSucursal,InstitucionEgreso,VigenciaCertificacion,CedulaProfesional) VALUES ('FRYY321122A65','Appolonia','Mewrcik','Pickard','González',6,2221,'La Joya','Aguascalientes','Domingo','0:37','08:37',48497254.32,117,'Facultad de Medicina y Cirugía','7/3/2028',8192435);
INSERT INTO Medico(RFC,Nombre,Paterno,Materno,Calle,NumeroExterior,NumeroInterior,Colonia,Estado,Dia,Entrada,Salida,Salario,IdSucursal,InstitucionEgreso,VigenciaCertificacion,CedulaProfesional) VALUES ('PHEA360916Z05','Ursa','Quincee','Ellins','Callejón de la Amargura',90991,698,'Las Palmas','Sinaloa','Jueves','1:12','09:12',70096041.58,100,'Colegio de Médicos y Cirujanos','2/10/2024',5418287);
INSERT INTO Medico(RFC,Nombre,Paterno,Materno,Calle,NumeroExterior,NumeroInterior,Colonia,Estado,Dia,Entrada,Salida,Salario,IdSucursal,InstitucionEgreso,VigenciaCertificacion,CedulaProfesional) VALUES ('OAPE860610W30','Neddie','Rentelll','Emptage','Callejón de la Amargura',86,194,'Los Pinos','Oaxaca','Lunes','1:52','09:52',92894623.45,3,'Universidad Nacional de Medicina','3/9/2028',81869452);
INSERT INTO Medico(RFC,Nombre,Paterno,Materno,Calle,NumeroExterior,NumeroInterior,Colonia,Estado,Dia,Entrada,Salida,Salario,IdSucursal,InstitucionEgreso,VigenciaCertificacion,CedulaProfesional) VALUES ('IJJY660805B69','Tiff','Clothier','Glamart','Callejón de la Amargura',1995,01,'Los Pinos','Nayarit','Miercoles','19:58','03:58',57516428.29,73,'Instituto Nacional de Ciencias de la Salud','10/9/2024',3056681);
INSERT INTO Medico(RFC,Nombre,Paterno,Materno,Calle,NumeroExterior,NumeroInterior,Colonia,Estado,Dia,Entrada,Salida,Salario,IdSucursal,InstitucionEgreso,VigenciaCertificacion,CedulaProfesional) VALUES ('WTXM6210061U5','Gisella','Clandillon','Blower','Hidalgo',5,99,'La Esperanza','Campeche','Jueves','7:33','15:33',64633813.95,55,'Instituto de Investigación Médica','6/27/2027',2888900);
INSERT INTO Medico(RFC,Nombre,Paterno,Materno,Calle,NumeroExterior,NumeroInterior,Colonia,Estado,Dia,Entrada,Salida,Salario,IdSucursal,InstitucionEgreso,VigenciaCertificacion,CedulaProfesional) VALUES ('XLDU3612182X6','Meara','Schober','Mousley','Morelos',2723,1923,'La Joya','Michoacán','Sabado','1:59','09:59',82600477.79,121,'Colegio de Médicos y Cirujanos','8/6/2028',03276724);
INSERT INTO Medico(RFC,Nombre,Paterno,Materno,Calle,NumeroExterior,NumeroInterior,Colonia,Estado,Dia,Entrada,Salida,Salario,IdSucursal,InstitucionEgreso,VigenciaCertificacion,CedulaProfesional) VALUES ('CYBL170708A84','Miner','Bolletti','Magowan','Hidalgo',834,2,'Los Pinos','Puebla','Sabado','7:08','15:08',26550038.08,48,'Escuela Superior de Ciencias de la Salud','6/11/2025',5441539);
INSERT INTO Medico(RFC,Nombre,Paterno,Materno,Calle,NumeroExterior,NumeroInterior,Colonia,Estado,Dia,Entrada,Salida,Salario,IdSucursal,InstitucionEgreso,VigenciaCertificacion,CedulaProfesional) VALUES ('GERY7209016S3','Lotta','Mathieson','Arnaldo','Callejón de la Amargura',80,92033,'La Joya','Veracruz','Jueves','14:14','22:14',17374380.63,1,'Facultad de Medicina y Cirugía','11/6/2028',6939806);
INSERT INTO Medico(RFC,Nombre,Paterno,Materno,Calle,NumeroExterior,NumeroInterior,Colonia,Estado,Dia,Entrada,Salida,Salario,IdSucursal,InstitucionEgreso,VigenciaCertificacion,CedulaProfesional) VALUES ('PVNS840103EH4','Thoma','Prazer','Eliff','Obregón',49602,33060,'Los Pinos','Veracruz','Domingo','23:56','07:56',39664139.26,64,'Centro de Estudios Médicos Avanzados','10/9/2024',09076932);
INSERT INTO Medico(RFC,Nombre,Paterno,Materno,Calle,NumeroExterior,NumeroInterior,Colonia,Estado,Dia,Entrada,Salida,Salario,IdSucursal,InstitucionEgreso,VigenciaCertificacion,CedulaProfesional) VALUES ('UTQE781228QH8','Freedman','Scintsbury','Cottee','Allende',88,31028,'San Miguel','Veracruz','Lunes','5:10','13:10',24023440.4,137,'Colegio de Médicos y Cirujanos','11/13/2029',7570304);
INSERT INTO Medico(RFC,Nombre,Paterno,Materno,Calle,NumeroExterior,NumeroInterior,Colonia,Estado,Dia,Entrada,Salida,Salario,IdSucursal,InstitucionEgreso,VigenciaCertificacion,CedulaProfesional) VALUES ('KZYC821103V86','Janel','Loveguard','Lorait','Hidalgo',939,2305,'Villa de las Flores','Jalisco','Domingo','8:39','16:39',5165070.49,88,'Hospital Universitario de Medicina','10/29/2028',83351359);
INSERT INTO Medico(RFC,Nombre,Paterno,Materno,Calle,NumeroExterior,NumeroInterior,Colonia,Estado,Dia,Entrada,Salida,Salario,IdSucursal,InstitucionEgreso,VigenciaCertificacion,CedulaProfesional) VALUES ('CZUX221106020','Christean','Venners','Lorkins','Carranza',5247,987,'La Primavera','Nayarit','Martes','19:16','03:16',61876537.14,124,'Hospital Universitario de Medicina','3/30/2026',5756444);
INSERT INTO Medico(RFC,Nombre,Paterno,Materno,Calle,NumeroExterior,NumeroInterior,Colonia,Estado,Dia,Entrada,Salida,Salario,IdSucursal,InstitucionEgreso,VigenciaCertificacion,CedulaProfesional) VALUES ('ILLD6012271I3','Rollie','Kennett','Solleme','Callejón del Beso',0,4,'San Miguel','Veracruz','Domingo','21:16','05:16',60726128.2,11,'Hospital Universitario de Medicina','4/11/2023',8878759);
INSERT INTO Medico(RFC,Nombre,Paterno,Materno,Calle,NumeroExterior,NumeroInterior,Colonia,Estado,Dia,Entrada,Salida,Salario,IdSucursal,InstitucionEgreso,VigenciaCertificacion,CedulaProfesional) VALUES ('YBMV8911034K8','Chauncey','Layton','Cadagan','Madero',19218,02,'San Miguel','Hidalgo','Martes','4:33','12:33',2767131.83,56,'Colegio de Médicos y Cirujanos','1/10/2029',47370058);
INSERT INTO Medico(RFC,Nombre,Paterno,Materno,Calle,NumeroExterior,NumeroInterior,Colonia,Estado,Dia,Entrada,Salida,Salario,IdSucursal,InstitucionEgreso,VigenciaCertificacion,CedulaProfesional) VALUES ('HDZY680301Z52','Beilul','Aldin','Muccino','Callejón del Beso',7,008,'La Joya','Puebla','Lunes','13:14','21:14',54497091.93,110,'Facultad de Medicina y Cirugía','9/15/2029',68602726);
INSERT INTO Medico(RFC,Nombre,Paterno,Materno,Calle,NumeroExterior,NumeroInterior,Colonia,Estado,Dia,Entrada,Salida,Salario,IdSucursal,InstitucionEgreso,VigenciaCertificacion,CedulaProfesional) VALUES ('VBRE1907108A5','Valentina','Bruckental','Inch','Zaragoza',9144,85595,'La Primavera','Oaxaca','Miercoles','10:14','18:14',76924220.07,33,'Instituto Nacional de Ciencias de la Salud','11/9/2021',59948810);
INSERT INTO Medico(RFC,Nombre,Paterno,Materno,Calle,NumeroExterior,NumeroInterior,Colonia,Estado,Dia,Entrada,Salida,Salario,IdSucursal,InstitucionEgreso,VigenciaCertificacion,CedulaProfesional) VALUES ('RCOE621217ER3','Flory','Haime','Sivills','Callejón de la Condesa',49045,48014,'San José','Campeche','Sabado','6:15','14:15',41634934.3,130,'Instituto de Salud Pública','1/11/2024',4317743);
INSERT INTO Medico(RFC,Nombre,Paterno,Materno,Calle,NumeroExterior,NumeroInterior,Colonia,Estado,Dia,Entrada,Salida,Salario,IdSucursal,InstitucionEgreso,VigenciaCertificacion,CedulaProfesional) VALUES ('IVTT660207236','Olivette','Scaysbrook','Soares','Hidalgo',46184,84353,'La Joya','Puebla','Jueves','8:04','16:04',61393289.09,88,'Hospital Universitario de Medicina','7/4/2026',80345995);
INSERT INTO Medico(RFC,Nombre,Paterno,Materno,Calle,NumeroExterior,NumeroInterior,Colonia,Estado,Dia,Entrada,Salida,Salario,IdSucursal,InstitucionEgreso,VigenciaCertificacion,CedulaProfesional) VALUES ('EDUE591106350','Letta','Bulger','Feige','Revolución',0,20,'Las Palmas','Baja California','Domingo','4:17','12:17',65442693.32,83,'Hospital Universitario de Medicina','9/16/2028',8482917);
INSERT INTO Medico(RFC,Nombre,Paterno,Materno,Calle,NumeroExterior,NumeroInterior,Colonia,Estado,Dia,Entrada,Salida,Salario,IdSucursal,InstitucionEgreso,VigenciaCertificacion,CedulaProfesional) VALUES ('AYVZ711123IF0','Boone','Hurdiss','Wholesworth','Callejón de la Amargura',41,7362,'Valle Verde','Veracruz','Lunes','2:48','10:48',7409194.2,71,'Instituto de Investigación Médica','3/18/2026',00450213);
INSERT INTO Medico(RFC,Nombre,Paterno,Materno,Calle,NumeroExterior,NumeroInterior,Colonia,Estado,Dia,Entrada,Salida,Salario,IdSucursal,InstitucionEgreso,VigenciaCertificacion,CedulaProfesional) VALUES ('WSJB450907XY7','Ann','Worviell','Sarten','Callejón del Beso',33863,248,'Los Pinos','Campeche','Jueves','11:33','19:33',93631077.46,106,'Hospital Universitario de Medicina','10/23/2027',06858718);
INSERT INTO Medico(RFC,Nombre,Paterno,Materno,Calle,NumeroExterior,NumeroInterior,Colonia,Estado,Dia,Entrada,Salida,Salario,IdSucursal,InstitucionEgreso,VigenciaCertificacion,CedulaProfesional) VALUES ('CXDX150105OJ8','Emily','Trytsman','Stoite','Guerrero',946,82,'Los Pinos','Jalisco','Domingo','8:57','16:57',76103982.07,40,'Instituto de Salud Pública','4/9/2029',7839494);
INSERT INTO Medico(RFC,Nombre,Paterno,Materno,Calle,NumeroExterior,NumeroInterior,Colonia,Estado,Dia,Entrada,Salida,Salario,IdSucursal,InstitucionEgreso,VigenciaCertificacion,CedulaProfesional) VALUES ('USVN0910230L0','Janela','Sharpous','Shutte','Callejón de la Amargura',62,83790,'Villa de las Flores','Baja California','Miercoles','16:32','00:32',91767988.6,58,'Facultad de Medicina y Cirugía','3/8/2028',7251239);
INSERT INTO Medico(RFC,Nombre,Paterno,Materno,Calle,NumeroExterior,NumeroInterior,Colonia,Estado,Dia,Entrada,Salida,Salario,IdSucursal,InstitucionEgreso,VigenciaCertificacion,CedulaProfesional) VALUES ('WLGU890915367','Hendrik','Ashurst','Weavers','Guerrero',87807,78,'La Esperanza','Veracruz','Martes','8:06','16:06',901048.48,120,'Escuela Superior de Ciencias de la Salud','7/22/2024',12222542);
INSERT INTO Medico(RFC,Nombre,Paterno,Materno,Calle,NumeroExterior,NumeroInterior,Colonia,Estado,Dia,Entrada,Salida,Salario,IdSucursal,InstitucionEgreso,VigenciaCertificacion,CedulaProfesional) VALUES ('YPBS400601017','Monique','Ascraft','Mugridge','Juárez',07035,92290,'Los Pinos','Nayarit','Martes','11:02','19:02',96013860.09,144,'Colegio de Médicos y Cirujanos','7/18/2030',1558287);
INSERT INTO Medico(RFC,Nombre,Paterno,Materno,Calle,NumeroExterior,NumeroInterior,Colonia,Estado,Dia,Entrada,Salida,Salario,IdSucursal,InstitucionEgreso,VigenciaCertificacion,CedulaProfesional) VALUES ('IIIJ2002092T6','Jeff','Ditter','Crittal','Guerrero',6239,7,'La Primavera','Hidalgo','Martes','9:26','17:26',51869438.91,73,'Escuela de Medicina y Ciencias de la Salud','12/25/2028',5439491);
INSERT INTO Medico(RFC,Nombre,Paterno,Materno,Calle,NumeroExterior,NumeroInterior,Colonia,Estado,Dia,Entrada,Salida,Salario,IdSucursal,InstitucionEgreso,VigenciaCertificacion,CedulaProfesional) VALUES ('VPJZ081017028','Perice','Lucas','Riby','Callejón de los Sapos',2436,8,'La Aurora','Campeche','Martes','5:42','13:42',35897538.46,26,'Instituto Nacional de Ciencias de la Salud','11/26/2025',8957028);
INSERT INTO Medico(RFC,Nombre,Paterno,Materno,Calle,NumeroExterior,NumeroInterior,Colonia,Estado,Dia,Entrada,Salida,Salario,IdSucursal,InstitucionEgreso,VigenciaCertificacion,CedulaProfesional) VALUES ('QMQH5106030U0','Paulie','Giovannini','Cordell','Benito Juárez',246,2,'La Primavera','Sinaloa','Miercoles','0:40','08:40',68232106.48,64,'Instituto Nacional de Ciencias de la Salud','1/4/2025',5463905);
INSERT INTO Medico(RFC,Nombre,Paterno,Materno,Calle,NumeroExterior,NumeroInterior,Colonia,Estado,Dia,Entrada,Salida,Salario,IdSucursal,InstitucionEgreso,VigenciaCertificacion,CedulaProfesional) VALUES ('SMVL8003088M8','Forbes','Peres','Fairnie','Callejón de la Amargura',257,2,'El Paraíso','Guanajuato','Miercoles','19:37','03:37',40954288.61,18,'Universidad Nacional de Medicina','6/14/2027',5650162);
INSERT INTO Medico(RFC,Nombre,Paterno,Materno,Calle,NumeroExterior,NumeroInterior,Colonia,Estado,Dia,Entrada,Salida,Salario,IdSucursal,InstitucionEgreso,VigenciaCertificacion,CedulaProfesional) VALUES ('JTWX961210OV2','Saxe','Silversmidt','Tilley','Carranza',2384,440,'San Pedro','Tamaulipas','Domingo','6:11','14:11',99185293.5,119,'Instituto Nacional de Ciencias de la Salud','4/23/2028',5079100);
INSERT INTO Medico(RFC,Nombre,Paterno,Materno,Calle,NumeroExterior,NumeroInterior,Colonia,Estado,Dia,Entrada,Salida,Salario,IdSucursal,InstitucionEgreso,VigenciaCertificacion,CedulaProfesional) VALUES ('EJJI451112837','Quincy','Melby','Castelijn','Hidalgo',4995,2912,'San José','Oaxaca','Lunes','1:32','09:32',96220490.61,80,'Escuela de Medicina y Ciencias de la Salud','4/17/2024',0835526);
INSERT INTO Medico(RFC,Nombre,Paterno,Materno,Calle,NumeroExterior,NumeroInterior,Colonia,Estado,Dia,Entrada,Salida,Salario,IdSucursal,InstitucionEgreso,VigenciaCertificacion,CedulaProfesional) VALUES ('CFSM8908177O1','Pacorro','Sawl','Martinovic','Independencia',0006,0,'Bosques de Chapultepec','Nayarit','Sabado','1:53','09:53',87368294.4,55,'Instituto Nacional de Ciencias de la Salud','12/29/2029',17217674);
INSERT INTO Medico(RFC,Nombre,Paterno,Materno,Calle,NumeroExterior,NumeroInterior,Colonia,Estado,Dia,Entrada,Salida,Salario,IdSucursal,InstitucionEgreso,VigenciaCertificacion,CedulaProfesional) VALUES ('AVTE761024Y46','Ellerey','Scroggie','Everitt','Hidalgo',8,4186,'San Pedro','Puebla','Domingo','5:06','13:06',70601463.33,122,'Universidad Nacional de Medicina','10/2/2029',7773264);
INSERT INTO Medico(RFC,Nombre,Paterno,Materno,Calle,NumeroExterior,NumeroInterior,Colonia,Estado,Dia,Entrada,Salida,Salario,IdSucursal,InstitucionEgreso,VigenciaCertificacion,CedulaProfesional) VALUES ('KPCP571227V59','Marcos','Edinborough','Tring','Callejón de los Sapos',8,3,'El Rosario','Tamaulipas','Miercoles','14:46','22:46',36483497.14,87,'Instituto de Salud Pública','11/8/2029',80896322);
INSERT INTO Medico(RFC,Nombre,Paterno,Materno,Calle,NumeroExterior,NumeroInterior,Colonia,Estado,Dia,Entrada,Salida,Salario,IdSucursal,InstitucionEgreso,VigenciaCertificacion,CedulaProfesional) VALUES ('GYVS661110NV2','Demeter','Stile','Iacomini','López Mateos',59887,457,'San José','Veracruz','Sabado','1:12','09:12',38745002.68,109,'Instituto de Salud Pública','12/21/2024',4143331);
INSERT INTO Medico(RFC,Nombre,Paterno,Materno,Calle,NumeroExterior,NumeroInterior,Colonia,Estado,Dia,Entrada,Salida,Salario,IdSucursal,InstitucionEgreso,VigenciaCertificacion,CedulaProfesional) VALUES ('KTBA230802D12','Lynnet','Pieterick','Luberto','Guerrero',6,1,'San Pedro','Nayarit','Jueves','15:39','23:39',49806337.62,62,'Instituto Nacional de Ciencias de la Salud','6/25/2027',57898047);
INSERT INTO Medico(RFC,Nombre,Paterno,Materno,Calle,NumeroExterior,NumeroInterior,Colonia,Estado,Dia,Entrada,Salida,Salario,IdSucursal,InstitucionEgreso,VigenciaCertificacion,CedulaProfesional) VALUES ('HFFS681222410','Nolie','Grigorini','Ralton','González',8,68614,'Villa de las Flores','Michoacán','Sabado','4:15','12:15',21904172.28,90,'Facultad de Medicina y Cirugía','6/14/2021',13501663);
INSERT INTO Medico(RFC,Nombre,Paterno,Materno,Calle,NumeroExterior,NumeroInterior,Colonia,Estado,Dia,Entrada,Salida,Salario,IdSucursal,InstitucionEgreso,VigenciaCertificacion,CedulaProfesional) VALUES ('UPIC470704ZP7','Rees','Lawn','O''Dougherty','Obregón',55151,36,'La Joya','Sinaloa','Lunes','6:44','14:44',24526957.64,85,'Instituto de Investigación Médica','10/14/2024',0250564);
INSERT INTO Medico(RFC,Nombre,Paterno,Materno,Calle,NumeroExterior,NumeroInterior,Colonia,Estado,Dia,Entrada,Salida,Salario,IdSucursal,InstitucionEgreso,VigenciaCertificacion,CedulaProfesional) VALUES ('GEVY050927K97','Sayre','Cleland','Lappine','Revolución',6,17039,'La Esperanza','Puebla','Sabado','14:26','22:26',1688720.1,118,'Escuela de Medicina y Ciencias de la Salud','4/2/2030',6269905);
INSERT INTO Medico(RFC,Nombre,Paterno,Materno,Calle,NumeroExterior,NumeroInterior,Colonia,Estado,Dia,Entrada,Salida,Salario,IdSucursal,InstitucionEgreso,VigenciaCertificacion,CedulaProfesional) VALUES ('TZLE760314M59','Mercy','Linton','Sutcliff','Benito Juárez',0112,2,'La Esperanza','Nayarit','Sabado','17:07','01:07',45638973.03,117,'Instituto de Investigación Médica','2/10/2027',84162223);
INSERT INTO Medico(RFC,Nombre,Paterno,Materno,Calle,NumeroExterior,NumeroInterior,Colonia,Estado,Dia,Entrada,Salida,Salario,IdSucursal,InstitucionEgreso,VigenciaCertificacion,CedulaProfesional) VALUES ('EAOF511226JM0','Maryl','Collyns','Stickells','Callejón de los Sapos',5106,73,'San Pedro','Michoacán','Lunes','17:02','01:02',47405213.24,132,'Hospital Universitario de Medicina','11/30/2028',88913073);
INSERT INTO Medico(RFC,Nombre,Paterno,Materno,Calle,NumeroExterior,NumeroInterior,Colonia,Estado,Dia,Entrada,Salida,Salario,IdSucursal,InstitucionEgreso,VigenciaCertificacion,CedulaProfesional) VALUES ('SWJW391223Q88','Hilario','Castelijn','Kops','Callejón de la Condesa',77,46,'Villa de las Flores','Guanajuato','Domingo','2:08','10:08',12171911.21,32,'Hospital Universitario de Medicina','12/7/2026',0651288);
INSERT INTO Medico(RFC,Nombre,Paterno,Materno,Calle,NumeroExterior,NumeroInterior,Colonia,Estado,Dia,Entrada,Salida,Salario,IdSucursal,InstitucionEgreso,VigenciaCertificacion,CedulaProfesional) VALUES ('OOHL000925O69','Barde','Rayne','Helliar','Allende',4,786,'San Miguel','Michoacán','Domingo','14:10','22:10',35605061.45,26,'Universidad Nacional de Medicina','6/21/2030',9677887);
INSERT INTO Medico(RFC,Nombre,Paterno,Materno,Calle,NumeroExterior,NumeroInterior,Colonia,Estado,Dia,Entrada,Salida,Salario,IdSucursal,InstitucionEgreso,VigenciaCertificacion,CedulaProfesional) VALUES ('MFKP771216N17','Anestassia','Wellan','Mitcham','Guerrero',8,02,'Bosques de Chapultepec','Aguascalientes','Lunes','0:01','08:01',64143975.9,104,'Centro de Estudios Médicos Avanzados','7/4/2026',95610669);
INSERT INTO Medico(RFC,Nombre,Paterno,Materno,Calle,NumeroExterior,NumeroInterior,Colonia,Estado,Dia,Entrada,Salida,Salario,IdSucursal,InstitucionEgreso,VigenciaCertificacion,CedulaProfesional) VALUES ('RGXD811103ET8','Ailyn','Tabart','Bracchi','Guerrero',5774,9392,'El Rosario','Nayarit','Sabado','18:39','02:39',45991834.43,58,'Colegio de Médicos y Cirujanos','10/28/2022',30443067);
INSERT INTO Medico(RFC,Nombre,Paterno,Materno,Calle,NumeroExterior,NumeroInterior,Colonia,Estado,Dia,Entrada,Salida,Salario,IdSucursal,InstitucionEgreso,VigenciaCertificacion,CedulaProfesional) VALUES ('CEVF4110084P1','Nowell','Lively','Duffitt','Pino Suárez',63513,1,'Los Pinos','Campeche','Jueves','20:11','04:11',49695213.48,143,'Colegio de Médicos y Cirujanos','8/1/2025',77841620);
INSERT INTO Medico(RFC,Nombre,Paterno,Materno,Calle,NumeroExterior,NumeroInterior,Colonia,Estado,Dia,Entrada,Salida,Salario,IdSucursal,InstitucionEgreso,VigenciaCertificacion,CedulaProfesional) VALUES ('YJPK621003CU7','Waldemar','Lalor','Wearn','Callejón de la Condesa',62,810,'Valle Verde','Oaxaca','Domingo','19:45','03:45',352316.93,147,'Hospital Universitario de Medicina','12/29/2028',83912241);
INSERT INTO Medico(RFC,Nombre,Paterno,Materno,Calle,NumeroExterior,NumeroInterior,Colonia,Estado,Dia,Entrada,Salida,Salario,IdSucursal,InstitucionEgreso,VigenciaCertificacion,CedulaProfesional) VALUES ('IRAE791008941','Emmie','Pavlovic','Cassimer','Madero',09,79,'Las Palmas','Nayarit','Martes','16:30','00:30',99690767.53,57,'Escuela de Medicina y Ciencias de la Salud','9/5/2022',32100497);
INSERT INTO Medico(RFC,Nombre,Paterno,Materno,Calle,NumeroExterior,NumeroInterior,Colonia,Estado,Dia,Entrada,Salida,Salario,IdSucursal,InstitucionEgreso,VigenciaCertificacion,CedulaProfesional) VALUES ('JYGN040425K54','Roselin','Stancliffe','Whetland','López Mateos',401,685,'San Pedro','Sinaloa','Miercoles','17:16','01:16',84692853.6,6,'Instituto de Investigación Médica','11/10/2028',0778434);
INSERT INTO Medico(RFC,Nombre,Paterno,Materno,Calle,NumeroExterior,NumeroInterior,Colonia,Estado,Dia,Entrada,Salida,Salario,IdSucursal,InstitucionEgreso,VigenciaCertificacion,CedulaProfesional) VALUES ('CRUP790208XL7','Caitlin','Onn','Morcombe','Obregón',436,2,'El Paraíso','Oaxaca','Lunes','20:38','04:38',99889662.97,13,'Centro de Estudios Médicos Avanzados','8/5/2025',45309764);
INSERT INTO Medico(RFC,Nombre,Paterno,Materno,Calle,NumeroExterior,NumeroInterior,Colonia,Estado,Dia,Entrada,Salida,Salario,IdSucursal,InstitucionEgreso,VigenciaCertificacion,CedulaProfesional) VALUES ('PWOY7704078G5','Jessalyn','Marden','Tibbits','Obregón',810,63730,'Villa de las Flores','Tamaulipas','Sabado','22:48','06:48',14252577.57,105,'Centro de Estudios Médicos Avanzados','6/12/2021',6619488);
INSERT INTO Medico(RFC,Nombre,Paterno,Materno,Calle,NumeroExterior,NumeroInterior,Colonia,Estado,Dia,Entrada,Salida,Salario,IdSucursal,InstitucionEgreso,VigenciaCertificacion,CedulaProfesional) VALUES ('YUCU800604H56','Godart','Myles','Fundell','Obregón',1623,03,'El Rosario','Puebla','Martes','19:12','03:12',5820890.93,107,'Instituto Nacional de Ciencias de la Salud','2/2/2028',82935623);
INSERT INTO Medico(RFC,Nombre,Paterno,Materno,Calle,NumeroExterior,NumeroInterior,Colonia,Estado,Dia,Entrada,Salida,Salario,IdSucursal,InstitucionEgreso,VigenciaCertificacion,CedulaProfesional) VALUES ('KHDL130116N25','Dyna','Dincke','Beart','Allende',498,980,'El Rosario','Durango','Sabado','20:33','04:33',90559694.48,136,'Instituto de Salud Pública','7/17/2023',0104629);
INSERT INTO Medico(RFC,Nombre,Paterno,Materno,Calle,NumeroExterior,NumeroInterior,Colonia,Estado,Dia,Entrada,Salida,Salario,IdSucursal,InstitucionEgreso,VigenciaCertificacion,CedulaProfesional) VALUES ('WXGM491208OH7','Glenine','Isenor','Pardey','Callejón de la Amargura',3054,59,'Las Palmas','Tamaulipas','Martes','8:36','16:36',88456837.59,112,'Centro de Estudios Médicos Avanzados','12/23/2023',3944094);
INSERT INTO Medico(RFC,Nombre,Paterno,Materno,Calle,NumeroExterior,NumeroInterior,Colonia,Estado,Dia,Entrada,Salida,Salario,IdSucursal,InstitucionEgreso,VigenciaCertificacion,CedulaProfesional) VALUES ('VSHG951204DC2','Jenica','Bowering','Aire','Callejón de la Condesa',11,3,'Los Pinos','Jalisco','Sabado','19:40','03:40',98158816.87,141,'Facultad de Medicina y Cirugía','3/25/2025',72353720);
INSERT INTO Medico(RFC,Nombre,Paterno,Materno,Calle,NumeroExterior,NumeroInterior,Colonia,Estado,Dia,Entrada,Salida,Salario,IdSucursal,InstitucionEgreso,VigenciaCertificacion,CedulaProfesional) VALUES ('VTBU7508249Z0','Emylee','Cushworth','Hedditeh','Allende',995,3,'San Miguel','Jalisco','Martes','13:27','21:27',7031892.98,12,'Escuela Superior de Ciencias de la Salud','7/21/2023',4982516);
INSERT INTO Medico(RFC,Nombre,Paterno,Materno,Calle,NumeroExterior,NumeroInterior,Colonia,Estado,Dia,Entrada,Salida,Salario,IdSucursal,InstitucionEgreso,VigenciaCertificacion,CedulaProfesional) VALUES ('QOQZ0101031G1','Nels','Mugleston','Hansill','Independencia',99,0380,'El Rosario','Jalisco','Domingo','0:26','08:26',87627934.67,119,'Centro de Estudios Médicos Avanzados','6/29/2024',43191592);
INSERT INTO Medico(RFC,Nombre,Paterno,Materno,Calle,NumeroExterior,NumeroInterior,Colonia,Estado,Dia,Entrada,Salida,Salario,IdSucursal,InstitucionEgreso,VigenciaCertificacion,CedulaProfesional) VALUES ('ZXOO430323KV4','Mathew','Licciardello','Evenett','Callejón de los Sapos',2694,6949,'Las Palmas','Sinaloa','Martes','11:27','19:27',75472217.83,138,'Instituto de Salud Pública','8/13/2021',86053752);
INSERT INTO Medico(RFC,Nombre,Paterno,Materno,Calle,NumeroExterior,NumeroInterior,Colonia,Estado,Dia,Entrada,Salida,Salario,IdSucursal,InstitucionEgreso,VigenciaCertificacion,CedulaProfesional) VALUES ('BXKW480702SF9','Alli','Hawket','Oldaker','Guerrero',549,01691,'El Paraíso','Puebla','Jueves','8:18','16:18',96926524.65,64,'Escuela Superior de Ciencias de la Salud','11/28/2029',43069885);
INSERT INTO Medico(RFC,Nombre,Paterno,Materno,Calle,NumeroExterior,NumeroInterior,Colonia,Estado,Dia,Entrada,Salida,Salario,IdSucursal,InstitucionEgreso,VigenciaCertificacion,CedulaProfesional) VALUES ('ZPUY0801119J0','Jammal','Mackneis','Arkle','Callejón del Beso',69560,224,'La Joya','Campeche','Martes','14:41','22:41',62380700.52,139,'Escuela Superior de Ciencias de la Salud','7/3/2021',7078102);
INSERT INTO Medico(RFC,Nombre,Paterno,Materno,Calle,NumeroExterior,NumeroInterior,Colonia,Estado,Dia,Entrada,Salida,Salario,IdSucursal,InstitucionEgreso,VigenciaCertificacion,CedulaProfesional) VALUES ('OTUG581006854','Milli','Faro','Izard','Guerrero',68456,45,'La Primavera','Baja California','Lunes','13:36','21:36',16350952.92,54,'Instituto de Investigación Médica','8/9/2030',9874051);
INSERT INTO Medico(RFC,Nombre,Paterno,Materno,Calle,NumeroExterior,NumeroInterior,Colonia,Estado,Dia,Entrada,Salida,Salario,IdSucursal,InstitucionEgreso,VigenciaCertificacion,CedulaProfesional) VALUES ('CIAB391212707','Dean','O''Dyvoie','McCahill','Callejón de la Condesa',91,72,'Valle Verde','Tamaulipas','Miercoles','5:50','13:50',23600256.81,80,'Colegio de Médicos y Cirujanos','1/4/2027',7643222);
INSERT INTO Medico(RFC,Nombre,Paterno,Materno,Calle,NumeroExterior,NumeroInterior,Colonia,Estado,Dia,Entrada,Salida,Salario,IdSucursal,InstitucionEgreso,VigenciaCertificacion,CedulaProfesional) VALUES ('WXYS4104114A5','Evania','Zamorrano','Mote','Callejón del Beso',520,05,'El Paraíso','Michoacán','Miercoles','20:53','04:53',47104234.34,18,'Facultad de Medicina y Cirugía','8/31/2027',96840038);
INSERT INTO Medico(RFC,Nombre,Paterno,Materno,Calle,NumeroExterior,NumeroInterior,Colonia,Estado,Dia,Entrada,Salida,Salario,IdSucursal,InstitucionEgreso,VigenciaCertificacion,CedulaProfesional) VALUES ('TLXM851017C50','Eddie','Strickett','Everix','Callejón de la Condesa',95,62866,'San Pedro','Sinaloa','Miercoles','7:32','15:32',42580550.11,56,'Colegio de Médicos y Cirujanos','5/17/2023',60479156);
INSERT INTO Medico(RFC,Nombre,Paterno,Materno,Calle,NumeroExterior,NumeroInterior,Colonia,Estado,Dia,Entrada,Salida,Salario,IdSucursal,InstitucionEgreso,VigenciaCertificacion,CedulaProfesional) VALUES ('FNKF700702M00','Dianne','Sympson','Climo','Callejón de la Amargura',41,48,'Santa Cruz','Durango','Sabado','16:07','00:07',72361809.67,105,'Hospital Universitario de Medicina','9/24/2023',9131403);
INSERT INTO Medico(RFC,Nombre,Paterno,Materno,Calle,NumeroExterior,NumeroInterior,Colonia,Estado,Dia,Entrada,Salida,Salario,IdSucursal,InstitucionEgreso,VigenciaCertificacion,CedulaProfesional) VALUES ('FQYL0906076U3','Dana','Gwinn','Plante','Independencia',97,55761,'San Miguel','Jalisco','Lunes','0:47','08:47',90478722.87,135,'Universidad Nacional de Medicina','7/3/2022',56001184);
INSERT INTO Medico(RFC,Nombre,Paterno,Materno,Calle,NumeroExterior,NumeroInterior,Colonia,Estado,Dia,Entrada,Salida,Salario,IdSucursal,InstitucionEgreso,VigenciaCertificacion,CedulaProfesional) VALUES ('ALOG0610012F0','Babita','Mateus','Sudran','Madero',532,46,'La Primavera','Michoacán','Sabado','1:18','09:18',94545490.9,50,'Hospital Universitario de Medicina','10/24/2025',92630830);
INSERT INTO Medico(RFC,Nombre,Paterno,Materno,Calle,NumeroExterior,NumeroInterior,Colonia,Estado,Dia,Entrada,Salida,Salario,IdSucursal,InstitucionEgreso,VigenciaCertificacion,CedulaProfesional) VALUES ('XAWT220803561','Meade','Screas','Ciciotti','Carranza',3731,0067,'Las Palmas','Veracruz','Martes','1:15','09:15',8264804.81,17,'Instituto de Salud Pública','12/27/2029',17118951);
INSERT INTO Medico(RFC,Nombre,Paterno,Materno,Calle,NumeroExterior,NumeroInterior,Colonia,Estado,Dia,Entrada,Salida,Salario,IdSucursal,InstitucionEgreso,VigenciaCertificacion,CedulaProfesional) VALUES ('RHCF910405433','Chere','Jagielski','Furneaux','Madero',3096,45,'Santa Cruz','Oaxaca','Sabado','7:17','15:17',86106171.39,107,'Hospital Universitario de Medicina','7/18/2029',60509826);
INSERT INTO Medico(RFC,Nombre,Paterno,Materno,Calle,NumeroExterior,NumeroInterior,Colonia,Estado,Dia,Entrada,Salida,Salario,IdSucursal,InstitucionEgreso,VigenciaCertificacion,CedulaProfesional) VALUES ('CRWJ530327TK4','Jayne','Berrow','Ough','Callejón de la Amargura',13,86,'Villa de las Flores','Querétaro','Martes','20:01','04:01',24835288.08,3,'Instituto de Salud Pública','3/26/2023',25708798);
INSERT INTO Medico(RFC,Nombre,Paterno,Materno,Calle,NumeroExterior,NumeroInterior,Colonia,Estado,Dia,Entrada,Salida,Salario,IdSucursal,InstitucionEgreso,VigenciaCertificacion,CedulaProfesional) VALUES ('MXAV590823293','Seana','Shambrooke','Shatford','Morelos',509,033,'Bosques de Chapultepec','Durango','Martes','18:40','02:40',48754271.23,50,'Hospital Universitario de Medicina','3/20/2030',18412093);
INSERT INTO Medico(RFC,Nombre,Paterno,Materno,Calle,NumeroExterior,NumeroInterior,Colonia,Estado,Dia,Entrada,Salida,Salario,IdSucursal,InstitucionEgreso,VigenciaCertificacion,CedulaProfesional) VALUES ('CSZU380406DG1','Sheri','Dorricott','Churcher','Independencia',02,8,'La Esperanza','Aguascalientes','Martes','21:25','05:25',76271144.28,99,'Instituto de Salud Pública','12/31/2026',9640291);
INSERT INTO Medico(RFC,Nombre,Paterno,Materno,Calle,NumeroExterior,NumeroInterior,Colonia,Estado,Dia,Entrada,Salida,Salario,IdSucursal,InstitucionEgreso,VigenciaCertificacion,CedulaProfesional) VALUES ('VRCN0011274I0','Vilma','Tewkesberry','Prosser','Madero',081,84312,'San Miguel','Querétaro','Lunes','13:13','21:13',55803906.35,46,'Escuela Superior de Ciencias de la Salud','11/30/2021',3957487);
INSERT INTO Medico(RFC,Nombre,Paterno,Materno,Calle,NumeroExterior,NumeroInterior,Colonia,Estado,Dia,Entrada,Salida,Salario,IdSucursal,InstitucionEgreso,VigenciaCertificacion,CedulaProfesional) VALUES ('HNAU5710014I7','Martelle','Wissby','Dressel','Revolución',757,5512,'La Joya','Michoacán','Martes','18:58','02:58',97532041.32,117,'Colegio de Médicos y Cirujanos','7/16/2021',56766326);
INSERT INTO Medico(RFC,Nombre,Paterno,Materno,Calle,NumeroExterior,NumeroInterior,Colonia,Estado,Dia,Entrada,Salida,Salario,IdSucursal,InstitucionEgreso,VigenciaCertificacion,CedulaProfesional) VALUES ('KSMZ340205IY4','Adair','O''Sheeryne','Tuson','Revolución',612,464,'San Pedro','Aguascalientes','Miercoles','3:29','11:29',56119729.14,87,'Escuela de Medicina y Ciencias de la Salud','8/10/2024',7790499);
INSERT INTO Medico(RFC,Nombre,Paterno,Materno,Calle,NumeroExterior,NumeroInterior,Colonia,Estado,Dia,Entrada,Salida,Salario,IdSucursal,InstitucionEgreso,VigenciaCertificacion,CedulaProfesional) VALUES ('OUNQ6812269N2','Carry','Schole','Searle','Callejón de la Amargura',3,556,'Bosques de Chapultepec','Sinaloa','Jueves','20:28','04:28',97713320.33,131,'Universidad Nacional de Medicina','7/3/2029',77097921);
INSERT INTO Medico(RFC,Nombre,Paterno,Materno,Calle,NumeroExterior,NumeroInterior,Colonia,Estado,Dia,Entrada,Salida,Salario,IdSucursal,InstitucionEgreso,VigenciaCertificacion,CedulaProfesional) VALUES ('AGQU891207OO2','Sharla','Mollon','Cardow','Guerrero',21,643,'San Pedro','Nayarit','Lunes','10:28','18:28',90676938.53,134,'Instituto de Investigación Médica','6/1/2023',7932665);
INSERT INTO Medico(RFC,Nombre,Paterno,Materno,Calle,NumeroExterior,NumeroInterior,Colonia,Estado,Dia,Entrada,Salida,Salario,IdSucursal,InstitucionEgreso,VigenciaCertificacion,CedulaProfesional) VALUES ('HXMR031006927','Robinet','Dudeney','Jannasch','Morelos',12,42,'El Rosario','Puebla','Domingo','2:01','10:01',40731029.22,46,'Colegio de Médicos y Cirujanos','8/17/2028',04053020);
INSERT INTO Medico(RFC,Nombre,Paterno,Materno,Calle,NumeroExterior,NumeroInterior,Colonia,Estado,Dia,Entrada,Salida,Salario,IdSucursal,InstitucionEgreso,VigenciaCertificacion,CedulaProfesional) VALUES ('IAWE3111038W6','Garek','Lambersen','Dumingo','Hidalgo',616,53447,'Los Pinos','Durango','Jueves','1:21','09:21',25548855.51,21,'Instituto de Investigación Médica','8/12/2021',3000157);
INSERT INTO Medico(RFC,Nombre,Paterno,Materno,Calle,NumeroExterior,NumeroInterior,Colonia,Estado,Dia,Entrada,Salida,Salario,IdSucursal,InstitucionEgreso,VigenciaCertificacion,CedulaProfesional) VALUES ('DQZR170621ZR4','Laurice','Genike','Jull','Callejón de la Amargura',6174,7296,'San José','Puebla','Sabado','11:13','19:13',14017022.24,5,'Instituto de Investigación Médica','1/15/2023',21396586);
INSERT INTO Medico(RFC,Nombre,Paterno,Materno,Calle,NumeroExterior,NumeroInterior,Colonia,Estado,Dia,Entrada,Salida,Salario,IdSucursal,InstitucionEgreso,VigenciaCertificacion,CedulaProfesional) VALUES ('YWAS850304IM8','Emilio','Stutard','Eldershaw','Independencia',31886,36,'Las Palmas','Durango','Domingo','0:37','08:37',70137507.14,147,'Instituto de Investigación Médica','2/25/2024',9033076);
INSERT INTO Medico(RFC,Nombre,Paterno,Materno,Calle,NumeroExterior,NumeroInterior,Colonia,Estado,Dia,Entrada,Salida,Salario,IdSucursal,InstitucionEgreso,VigenciaCertificacion,CedulaProfesional) VALUES ('WYWN641124507','Kristian','Pierpoint','Leggitt','Pino Suárez',698,251,'La Primavera','Hidalgo','Lunes','1:30','09:30',92181399.04,131,'Hospital Universitario de Medicina','5/3/2029',2588701);
INSERT INTO Medico(RFC,Nombre,Paterno,Materno,Calle,NumeroExterior,NumeroInterior,Colonia,Estado,Dia,Entrada,Salida,Salario,IdSucursal,InstitucionEgreso,VigenciaCertificacion,CedulaProfesional) VALUES ('PMMR061017AY6','Ashley','L''oiseau','Cathery','Callejón del Beso',03258,85790,'Las Palmas','Querétaro','Domingo','3:38','11:38',47424306.84,103,'Colegio de Médicos y Cirujanos','5/20/2021',93629800);
INSERT INTO Medico(RFC,Nombre,Paterno,Materno,Calle,NumeroExterior,NumeroInterior,Colonia,Estado,Dia,Entrada,Salida,Salario,IdSucursal,InstitucionEgreso,VigenciaCertificacion,CedulaProfesional) VALUES ('WKVJ661003C76','Dodi','Linger','Dyka','Callejón de la Amargura',0,1625,'La Aurora','Aguascalientes','Lunes','17:23','01:23',26435876.07,146,'Facultad de Medicina y Cirugía','8/11/2028',97205792);
INSERT INTO Medico(RFC,Nombre,Paterno,Materno,Calle,NumeroExterior,NumeroInterior,Colonia,Estado,Dia,Entrada,Salida,Salario,IdSucursal,InstitucionEgreso,VigenciaCertificacion,CedulaProfesional) VALUES ('XTNT560526J97','Starlene','Allenby','Gulleford','Callejón de la Amargura',57,51,'Bosques de Chapultepec','Nayarit','Domingo','6:24','14:24',36555199.62,33,'Hospital Universitario de Medicina','1/22/2023',93674310);
INSERT INTO Medico(RFC,Nombre,Paterno,Materno,Calle,NumeroExterior,NumeroInterior,Colonia,Estado,Dia,Entrada,Salida,Salario,IdSucursal,InstitucionEgreso,VigenciaCertificacion,CedulaProfesional) VALUES ('SFMO070908Z08','Josee','O''Hederscoll','Skeath','Zaragoza',180,25816,'La Esperanza','Querétaro','Jueves','1:59','09:59',52714730.33,5,'Instituto de Investigación Médica','3/5/2025',8810726);
INSERT INTO Medico(RFC,Nombre,Paterno,Materno,Calle,NumeroExterior,NumeroInterior,Colonia,Estado,Dia,Entrada,Salida,Salario,IdSucursal,InstitucionEgreso,VigenciaCertificacion,CedulaProfesional) VALUES ('PEGO511101869','Kerstin','Habin','O''Shavlan','Callejón de la Condesa',2680,18538,'Villa de las Flores','Veracruz','Jueves','3:58','11:58',75275159.23,132,'Escuela Superior de Ciencias de la Salud','4/30/2024',93188501);
INSERT INTO Medico(RFC,Nombre,Paterno,Materno,Calle,NumeroExterior,NumeroInterior,Colonia,Estado,Dia,Entrada,Salida,Salario,IdSucursal,InstitucionEgreso,VigenciaCertificacion,CedulaProfesional) VALUES ('OKKE370921SF9','Natalie','Merrill','Chesser','Independencia',21076,9,'San Miguel','Querétaro','Lunes','18:43','02:43',99186369.21,51,'Instituto Nacional de Ciencias de la Salud','11/3/2028',9070481);
INSERT INTO Medico(RFC,Nombre,Paterno,Materno,Calle,NumeroExterior,NumeroInterior,Colonia,Estado,Dia,Entrada,Salida,Salario,IdSucursal,InstitucionEgreso,VigenciaCertificacion,CedulaProfesional) VALUES ('CSKH161209A92','Sadye','Smolan','Gillbanks','Allende',57,0236,'La Esperanza','Jalisco','Martes','2:34','10:34',84901531.48,63,'Colegio de Médicos y Cirujanos','9/8/2026',81152202);
INSERT INTO Medico(RFC,Nombre,Paterno,Materno,Calle,NumeroExterior,NumeroInterior,Colonia,Estado,Dia,Entrada,Salida,Salario,IdSucursal,InstitucionEgreso,VigenciaCertificacion,CedulaProfesional) VALUES ('KLNX330623724','Loralee','Mullender','Goodlad','Independencia',159,903,'Villa de las Flores','Durango','Miercoles','23:25','07:25',12415956.79,126,'Escuela Superior de Ciencias de la Salud','3/7/2026',8205105);
INSERT INTO Medico(RFC,Nombre,Paterno,Materno,Calle,NumeroExterior,NumeroInterior,Colonia,Estado,Dia,Entrada,Salida,Salario,IdSucursal,InstitucionEgreso,VigenciaCertificacion,CedulaProfesional) VALUES ('NIAH2312012Z2','Ernaline','Ledster','Morrott','Revolución',5529,41198,'Los Pinos','Hidalgo','Lunes','19:39','03:39',55282032.94,149,'Instituto Nacional de Ciencias de la Salud','9/6/2028',8147012);
INSERT INTO Medico(RFC,Nombre,Paterno,Materno,Calle,NumeroExterior,NumeroInterior,Colonia,Estado,Dia,Entrada,Salida,Salario,IdSucursal,InstitucionEgreso,VigenciaCertificacion,CedulaProfesional) VALUES ('AQVV1811042R6','Germana','Perree','Esley','Pino Suárez',307,50857,'Villa de las Flores','Veracruz','Martes','3:02','11:02',72155176.93,24,'Centro de Estudios Médicos Avanzados','9/16/2028',9813343);
INSERT INTO Medico(RFC,Nombre,Paterno,Materno,Calle,NumeroExterior,NumeroInterior,Colonia,Estado,Dia,Entrada,Salida,Salario,IdSucursal,InstitucionEgreso,VigenciaCertificacion,CedulaProfesional) VALUES ('UZKZ811206034','Wynny','Nunn','Crosby','López Mateos',3,0,'La Esperanza','Oaxaca','Lunes','9:33','17:33',26459851.19,147,'Universidad Nacional de Medicina','9/1/2022',9747724);
INSERT INTO Medico(RFC,Nombre,Paterno,Materno,Calle,NumeroExterior,NumeroInterior,Colonia,Estado,Dia,Entrada,Salida,Salario,IdSucursal,InstitucionEgreso,VigenciaCertificacion,CedulaProfesional) VALUES ('BUBQ780209C42','Dory','Anderl','Beenham','Gutiérrez',63,1273,'San José','Aguascalientes','Domingo','5:49','13:49',58723792.07,58,'Instituto de Salud Pública','7/2/2023',1427477);
INSERT INTO Medico(RFC,Nombre,Paterno,Materno,Calle,NumeroExterior,NumeroInterior,Colonia,Estado,Dia,Entrada,Salida,Salario,IdSucursal,InstitucionEgreso,VigenciaCertificacion,CedulaProfesional) VALUES ('YHWT310322S28','Renate','Cheine','Leveret','Morelos',0321,36,'San Pedro','Tamaulipas','Sabado','23:11','07:11',53613600.99,148,'Escuela Superior de Ciencias de la Salud','3/9/2027',99362760);
INSERT INTO Medico(RFC,Nombre,Paterno,Materno,Calle,NumeroExterior,NumeroInterior,Colonia,Estado,Dia,Entrada,Salida,Salario,IdSucursal,InstitucionEgreso,VigenciaCertificacion,CedulaProfesional) VALUES ('FNND970214676','Ford','Grewe','Farfull','Independencia',0312,92,'Villa de las Flores','Hidalgo','Martes','9:13','17:13',20424786.49,117,'Centro de Estudios Médicos Avanzados','8/26/2023',5353005);
INSERT INTO Medico(RFC,Nombre,Paterno,Materno,Calle,NumeroExterior,NumeroInterior,Colonia,Estado,Dia,Entrada,Salida,Salario,IdSucursal,InstitucionEgreso,VigenciaCertificacion,CedulaProfesional) VALUES ('ZFIN031204839','Yetta','Garvagh','Vigours','Guerrero',6,8,'Santa Cruz','Puebla','Lunes','21:42','05:42',82331305.37,103,'Escuela de Medicina y Ciencias de la Salud','10/3/2030',3666047);
INSERT INTO Medico(RFC,Nombre,Paterno,Materno,Calle,NumeroExterior,NumeroInterior,Colonia,Estado,Dia,Entrada,Salida,Salario,IdSucursal,InstitucionEgreso,VigenciaCertificacion,CedulaProfesional) VALUES ('NKWW870807ZH0','Shayna','Teodori','Deegan','Pino Suárez',50,021,'Santa Cruz','Aguascalientes','Sabado','5:36','13:36',37380237.13,57,'Escuela Superior de Ciencias de la Salud','6/26/2022',2998921);
INSERT INTO Medico(RFC,Nombre,Paterno,Materno,Calle,NumeroExterior,NumeroInterior,Colonia,Estado,Dia,Entrada,Salida,Salario,IdSucursal,InstitucionEgreso,VigenciaCertificacion,CedulaProfesional) VALUES ('FGED170509920','Shaun','Vooght','Stainton','López Mateos',209,95,'Villa de las Flores','Michoacán','Martes','5:59','13:59',58066063.89,13,'Instituto de Investigación Médica','2/11/2026',9967368);
INSERT INTO Medico(RFC,Nombre,Paterno,Materno,Calle,NumeroExterior,NumeroInterior,Colonia,Estado,Dia,Entrada,Salida,Salario,IdSucursal,InstitucionEgreso,VigenciaCertificacion,CedulaProfesional) VALUES ('ICDD670505I00','Ulrica','Pendrick','Prujean','Callejón del Beso',51252,2,'La Esperanza','Guanajuato','Martes','12:07','20:07',27995121.99,74,'Hospital Universitario de Medicina','6/14/2024',37785530);
INSERT INTO Medico(RFC,Nombre,Paterno,Materno,Calle,NumeroExterior,NumeroInterior,Colonia,Estado,Dia,Entrada,Salida,Salario,IdSucursal,InstitucionEgreso,VigenciaCertificacion,CedulaProfesional) VALUES ('EERW5808282U0','Jarrid','Collelton','Healing','Benito Juárez',30722,4997,'Las Palmas','Baja California','Martes','4:37','12:37',43504729.24,146,'Instituto Nacional de Ciencias de la Salud','6/15/2021',1213853);
INSERT INTO Medico(RFC,Nombre,Paterno,Materno,Calle,NumeroExterior,NumeroInterior,Colonia,Estado,Dia,Entrada,Salida,Salario,IdSucursal,InstitucionEgreso,VigenciaCertificacion,CedulaProfesional) VALUES ('BOJZ8509215C5','Chico','Springle','Brithman','Callejón de la Condesa',8,249,'La Esperanza','Durango','Jueves','17:53','01:53',22181243.41,51,'Colegio de Médicos y Cirujanos','1/23/2028',30602327);
INSERT INTO Medico(RFC,Nombre,Paterno,Materno,Calle,NumeroExterior,NumeroInterior,Colonia,Estado,Dia,Entrada,Salida,Salario,IdSucursal,InstitucionEgreso,VigenciaCertificacion,CedulaProfesional) VALUES ('BGND7011280L1','Adriane','Lockhart','Kures','Morelos',09874,7027,'San Miguel','Hidalgo','Sabado','2:37','10:37',51706978.53,137,'Hospital Universitario de Medicina','9/27/2025',2502406);
INSERT INTO Medico(RFC,Nombre,Paterno,Materno,Calle,NumeroExterior,NumeroInterior,Colonia,Estado,Dia,Entrada,Salida,Salario,IdSucursal,InstitucionEgreso,VigenciaCertificacion,CedulaProfesional) VALUES ('FGSG700414BQ6','Neale','Throssell','Gagan','Allende',7,3044,'La Joya','Jalisco','Sabado','19:55','03:55',9850954.79,30,'Colegio de Médicos y Cirujanos','7/28/2030',6857564);

-- 150 registros de la tabla Telefonos_Medico
INSERT INTO Telefonos_Medico(RFC,Telefono) VALUES ('AGQU891207OO2','+351 968 186 5098');
INSERT INTO Telefonos_Medico(RFC,Telefono) VALUES ('OXKE8801268K6','+62 144 282 5432');
INSERT INTO Telefonos_Medico(RFC,Telefono) VALUES ('DQZR170621ZR4','+63 225 661 4675');
INSERT INTO Telefonos_Medico(RFC,Telefono) VALUES ('EAOF511226JM0','+63 519 360 1275');
INSERT INTO Telefonos_Medico(RFC,Telefono) VALUES ('AQVV1811042R6','+55 738 245 2045');
INSERT INTO Telefonos_Medico(RFC,Telefono) VALUES ('QOQZ0101031G1','+81 153 102 8311');
INSERT INTO Telefonos_Medico(RFC,Telefono) VALUES ('NKWW870807ZH0','+7 223 159 2570');
INSERT INTO Telefonos_Medico(RFC,Telefono) VALUES ('PFJR1812011L4','+1 617 775 0408');
INSERT INTO Telefonos_Medico(RFC,Telefono) VALUES ('EAOF511226JM0','+62 317 295 7137');
INSERT INTO Telefonos_Medico(RFC,Telefono) VALUES ('OTUG581006854','+234 230 169 2665');
INSERT INTO Telefonos_Medico(RFC,Telefono) VALUES ('NKWW870807ZH0','+86 825 319 0610');
INSERT INTO Telefonos_Medico(RFC,Telefono) VALUES ('BUBQ780209C42','+30 196 256 2055');
INSERT INTO Telefonos_Medico(RFC,Telefono) VALUES ('MNJE4405059U7','+86 782 170 7152');
INSERT INTO Telefonos_Medico(RFC,Telefono) VALUES ('CIAB391212707','+380 947 605 1157');
INSERT INTO Telefonos_Medico(RFC,Telefono) VALUES ('YBMV8911034K8','+64 782 418 3890');
INSERT INTO Telefonos_Medico(RFC,Telefono) VALUES ('IJJY660805B69','+63 674 103 0789');
INSERT INTO Telefonos_Medico(RFC,Telefono) VALUES ('VLOI3507186G0','+351 974 158 8493');
INSERT INTO Telefonos_Medico(RFC,Telefono) VALUES ('JYGN040425K54','+355 324 896 9570');
INSERT INTO Telefonos_Medico(RFC,Telefono) VALUES ('TDWC041124025','+976 512 142 2509');
INSERT INTO Telefonos_Medico(RFC,Telefono) VALUES ('UTQE781228QH8','+62 172 966 0342');
INSERT INTO Telefonos_Medico(RFC,Telefono) VALUES ('VPJZ081017028','+55 829 258 1205');
INSERT INTO Telefonos_Medico(RFC,Telefono) VALUES ('OUNQ6812269N2','+44 831 328 2207');
INSERT INTO Telefonos_Medico(RFC,Telefono) VALUES ('WXGM491208OH7','+86 327 377 5782');
INSERT INTO Telefonos_Medico(RFC,Telefono) VALUES ('WXGM491208OH7','+86 676 659 4946');
INSERT INTO Telefonos_Medico(RFC,Telefono) VALUES ('DWLQ110302645','+33 895 831 2187');
INSERT INTO Telefonos_Medico(RFC,Telefono) VALUES ('SWJW391223Q88','+967 198 939 8281');
INSERT INTO Telefonos_Medico(RFC,Telefono) VALUES ('VBFA430225K27','+255 298 873 9038');
INSERT INTO Telefonos_Medico(RFC,Telefono) VALUES ('BJDW840404Y54','+7 723 279 7752');
INSERT INTO Telefonos_Medico(RFC,Telefono) VALUES ('DQZR170621ZR4','+48 587 725 4929');
INSERT INTO Telefonos_Medico(RFC,Telefono) VALUES ('XAWT220803561','+268 493 694 0151');
INSERT INTO Telefonos_Medico(RFC,Telefono) VALUES ('FGED170509920','+420 593 471 9752');
INSERT INTO Telefonos_Medico(RFC,Telefono) VALUES ('OAPE860610W30','+94 503 149 9496');
INSERT INTO Telefonos_Medico(RFC,Telefono) VALUES ('RGZF260220177','+502 976 485 6517');
INSERT INTO Telefonos_Medico(RFC,Telefono) VALUES ('WYWN641124507','+356 743 923 5774');
INSERT INTO Telefonos_Medico(RFC,Telefono) VALUES ('SWJW391223Q88','+7 676 423 9266');
INSERT INTO Telefonos_Medico(RFC,Telefono) VALUES ('ICDD670505I00','+63 658 114 8896');
INSERT INTO Telefonos_Medico(RFC,Telefono) VALUES ('PFJR1812011L4','+1 430 894 2859');
INSERT INTO Telefonos_Medico(RFC,Telefono) VALUES ('AWUR091108G09','+55 819 852 1146');
INSERT INTO Telefonos_Medico(RFC,Telefono) VALUES ('CYBL170708A84','+1 862 599 8139');
INSERT INTO Telefonos_Medico(RFC,Telefono) VALUES ('GYVS661110NV2','+233 413 318 2486');
INSERT INTO Telefonos_Medico(RFC,Telefono) VALUES ('CZUX221106020','+7 291 408 2670');
INSERT INTO Telefonos_Medico(RFC,Telefono) VALUES ('YJPK621003CU7','+7 387 900 6509');
INSERT INTO Telefonos_Medico(RFC,Telefono) VALUES ('XPKB2106207P5','+7 427 839 7459');
INSERT INTO Telefonos_Medico(RFC,Telefono) VALUES ('AVTE761024Y46','+62 285 111 5344');
INSERT INTO Telefonos_Medico(RFC,Telefono) VALUES ('TZLE760314M59','+380 594 441 9682');
INSERT INTO Telefonos_Medico(RFC,Telefono) VALUES ('FRYY321122A65','+974 967 419 1452');
INSERT INTO Telefonos_Medico(RFC,Telefono) VALUES ('IRAE791008941','+7 584 286 1540');
INSERT INTO Telefonos_Medico(RFC,Telefono) VALUES ('RCOE621217ER3','+251 202 923 7716');
INSERT INTO Telefonos_Medico(RFC,Telefono) VALUES ('PFJR1812011L4','+55 757 643 2766');
INSERT INTO Telefonos_Medico(RFC,Telefono) VALUES ('CSZU380406DG1','+55 405 325 9282');
INSERT INTO Telefonos_Medico(RFC,Telefono) VALUES ('KTBA230802D12','+998 761 715 4608');
INSERT INTO Telefonos_Medico(RFC,Telefono) VALUES ('WTXM6210061U5','+46 620 817 8005');
INSERT INTO Telefonos_Medico(RFC,Telefono) VALUES ('VSHG951204DC2','+86 232 161 5999');
INSERT INTO Telefonos_Medico(RFC,Telefono) VALUES ('PCFQ950407596','+7 875 558 8077');
INSERT INTO Telefonos_Medico(RFC,Telefono) VALUES ('TRZV331201173','+31 740 763 8889');
INSERT INTO Telefonos_Medico(RFC,Telefono) VALUES ('TRWC561006QK3','+238 742 421 5497');
INSERT INTO Telefonos_Medico(RFC,Telefono) VALUES ('DOJY221109N95','+7 713 532 1738');
INSERT INTO Telefonos_Medico(RFC,Telefono) VALUES ('GEVY050927K97','+86 125 264 9035');
INSERT INTO Telefonos_Medico(RFC,Telefono) VALUES ('RCOE621217ER3','+7 357 870 8398');
INSERT INTO Telefonos_Medico(RFC,Telefono) VALUES ('ILLD6012271I3','+86 421 884 1917');
INSERT INTO Telefonos_Medico(RFC,Telefono) VALUES ('AYVZ711123IF0','+48 937 554 6150');
INSERT INTO Telefonos_Medico(RFC,Telefono) VALUES ('JYGN040425K54','+62 876 194 9299');
INSERT INTO Telefonos_Medico(RFC,Telefono) VALUES ('ZLSR561008773','+62 153 314 2513');
INSERT INTO Telefonos_Medico(RFC,Telefono) VALUES ('QMQH5106030U0','+57 645 746 7599');
INSERT INTO Telefonos_Medico(RFC,Telefono) VALUES ('VBFA430225K27','+387 222 291 0117');
INSERT INTO Telefonos_Medico(RFC,Telefono) VALUES ('ZLSR561008773','+7 287 273 3155');
INSERT INTO Telefonos_Medico(RFC,Telefono) VALUES ('AVTE761024Y46','+598 613 634 1115');
INSERT INTO Telefonos_Medico(RFC,Telefono) VALUES ('VSHG951204DC2','+251 378 327 6897');
INSERT INTO Telefonos_Medico(RFC,Telefono) VALUES ('VRCN0011274I0','+86 878 545 4811');
INSERT INTO Telefonos_Medico(RFC,Telefono) VALUES ('CSZU380406DG1','+33 541 377 7786');
INSERT INTO Telefonos_Medico(RFC,Telefono) VALUES ('DOJY221109N95','+62 887 260 0324');
INSERT INTO Telefonos_Medico(RFC,Telefono) VALUES ('FSAW6212075H6','+86 980 872 6747');
INSERT INTO Telefonos_Medico(RFC,Telefono) VALUES ('HDZY680301Z52','+593 118 181 7707');
INSERT INTO Telefonos_Medico(RFC,Telefono) VALUES ('MBOV531123050','+46 485 602 3847');
INSERT INTO Telefonos_Medico(RFC,Telefono) VALUES ('KHDL130116N25','+420 663 866 4253');
INSERT INTO Telefonos_Medico(RFC,Telefono) VALUES ('YJPK621003CU7','+962 934 490 4213');
INSERT INTO Telefonos_Medico(RFC,Telefono) VALUES ('CJDZ880705A95','+7 554 973 7760');
INSERT INTO Telefonos_Medico(RFC,Telefono) VALUES ('QOQZ0101031G1','+62 459 209 6852');
INSERT INTO Telefonos_Medico(RFC,Telefono) VALUES ('OOHL000925O69','+55 411 913 9325');
INSERT INTO Telefonos_Medico(RFC,Telefono) VALUES ('ZXOO430323KV4','+86 120 607 3327');
INSERT INTO Telefonos_Medico(RFC,Telefono) VALUES ('WXYS4104114A5','+7 513 631 5541');
INSERT INTO Telefonos_Medico(RFC,Telefono) VALUES ('ROJP2905026N0','+62 619 850 9493');
INSERT INTO Telefonos_Medico(RFC,Telefono) VALUES ('AYVZ711123IF0','+52 526 757 2152');
INSERT INTO Telefonos_Medico(RFC,Telefono) VALUES ('XTNT560526J97','+84 684 232 3665');
INSERT INTO Telefonos_Medico(RFC,Telefono) VALUES ('FSAW6212075H6','+380 415 758 9545');
INSERT INTO Telefonos_Medico(RFC,Telefono) VALUES ('ZPUY0801119J0','+86 510 531 2959');
INSERT INTO Telefonos_Medico(RFC,Telefono) VALUES ('WTXM6210061U5','+86 737 786 4888');
INSERT INTO Telefonos_Medico(RFC,Telefono) VALUES ('YPBS400601017','+86 486 434 2266');
INSERT INTO Telefonos_Medico(RFC,Telefono) VALUES ('TZLE760314M59','+355 533 938 3987');
INSERT INTO Telefonos_Medico(RFC,Telefono) VALUES ('TLXM851017C50','+385 464 635 7606');
INSERT INTO Telefonos_Medico(RFC,Telefono) VALUES ('VPJZ081017028','+55 509 106 8134');
INSERT INTO Telefonos_Medico(RFC,Telefono) VALUES ('BUBQ780209C42','+86 383 675 8521');
INSERT INTO Telefonos_Medico(RFC,Telefono) VALUES ('BOJZ8509215C5','+86 469 951 2610');
INSERT INTO Telefonos_Medico(RFC,Telefono) VALUES ('WKVJ661003C76','+55 133 258 0383');
INSERT INTO Telefonos_Medico(RFC,Telefono) VALUES ('TZLE760314M59','+389 944 607 7908');
INSERT INTO Telefonos_Medico(RFC,Telefono) VALUES ('LMYE540720C69','+970 791 838 1182');
INSERT INTO Telefonos_Medico(RFC,Telefono) VALUES ('VTBU7508249Z0','+86 810 644 8389');
INSERT INTO Telefonos_Medico(RFC,Telefono) VALUES ('KZYC821103V86','+386 934 306 1279');
INSERT INTO Telefonos_Medico(RFC,Telefono) VALUES ('RHCF910405433','+86 257 215 2540');
INSERT INTO Telefonos_Medico(RFC,Telefono) VALUES ('VRCN0011274I0','+48 130 209 5609');
INSERT INTO Telefonos_Medico(RFC,Telefono) VALUES ('SFMO070908Z08','+81 894 317 3499');
INSERT INTO Telefonos_Medico(RFC,Telefono) VALUES ('CSZU380406DG1','+420 917 589 7664');
INSERT INTO Telefonos_Medico(RFC,Telefono) VALUES ('VLOI3507186G0','+7 929 430 3445');
INSERT INTO Telefonos_Medico(RFC,Telefono) VALUES ('KHDL130116N25','+63 905 244 5190');
INSERT INTO Telefonos_Medico(RFC,Telefono) VALUES ('KZYC821103V86','+48 644 808 8506');
INSERT INTO Telefonos_Medico(RFC,Telefono) VALUES ('FRYY321122A65','+54 573 192 0366');
INSERT INTO Telefonos_Medico(RFC,Telefono) VALUES ('VPJZ081017028','+7 715 473 8385');
INSERT INTO Telefonos_Medico(RFC,Telefono) VALUES ('RHCF910405433','+62 991 545 2887');
INSERT INTO Telefonos_Medico(RFC,Telefono) VALUES ('OTVT1508020H3','+55 517 178 7058');
INSERT INTO Telefonos_Medico(RFC,Telefono) VALUES ('BGND7011280L1','+7 240 971 1134');
INSERT INTO Telefonos_Medico(RFC,Telefono) VALUES ('MNJE4405059U7','+7 865 430 5726');
INSERT INTO Telefonos_Medico(RFC,Telefono) VALUES ('GCHS600905705','+33 640 685 3685');
INSERT INTO Telefonos_Medico(RFC,Telefono) VALUES ('MXAV590823293','+86 956 648 3635');
INSERT INTO Telefonos_Medico(RFC,Telefono) VALUES ('VPJZ081017028','+1 413 429 6003');
INSERT INTO Telefonos_Medico(RFC,Telefono) VALUES ('TRZV331201173','+86 852 746 1962');
INSERT INTO Telefonos_Medico(RFC,Telefono) VALUES ('HFZQ921115LV0','+62 157 980 0466');
INSERT INTO Telefonos_Medico(RFC,Telefono) VALUES ('OUNQ6812269N2','+53 536 630 4791');
INSERT INTO Telefonos_Medico(RFC,Telefono) VALUES ('CYBL170708A84','+1 405 522 2874');
INSERT INTO Telefonos_Medico(RFC,Telefono) VALUES ('EJJI451112837','+30 755 239 2994');
INSERT INTO Telefonos_Medico(RFC,Telefono) VALUES ('FGED170509920','+212 125 721 2588');
INSERT INTO Telefonos_Medico(RFC,Telefono) VALUES ('EERW5808282U0','+7 662 862 7737');
INSERT INTO Telefonos_Medico(RFC,Telefono) VALUES ('JYGN040425K54','+7 965 799 7359');
INSERT INTO Telefonos_Medico(RFC,Telefono) VALUES ('BXKW480702SF9','+7 789 495 1686');
INSERT INTO Telefonos_Medico(RFC,Telefono) VALUES ('ROJP2905026N0','+57 381 578 7300');
INSERT INTO Telefonos_Medico(RFC,Telefono) VALUES ('RGXD811103ET8','+66 976 217 7365');
INSERT INTO Telefonos_Medico(RFC,Telefono) VALUES ('WSJB450907XY7','+94 677 120 3144');
INSERT INTO Telefonos_Medico(RFC,Telefono) VALUES ('RGXD811103ET8','+46 140 686 8007');
INSERT INTO Telefonos_Medico(RFC,Telefono) VALUES ('VKGM4510223E6','+421 996 544 8826');
INSERT INTO Telefonos_Medico(RFC,Telefono) VALUES ('ZXOO430323KV4','+48 746 813 3645');
INSERT INTO Telefonos_Medico(RFC,Telefono) VALUES ('FRYY321122A65','+381 431 801 6613');
INSERT INTO Telefonos_Medico(RFC,Telefono) VALUES ('EAOF511226JM0','+86 670 945 6151');
INSERT INTO Telefonos_Medico(RFC,Telefono) VALUES ('DOJY221109N95','+1 785 409 0947');
INSERT INTO Telefonos_Medico(RFC,Telefono) VALUES ('OTVT1508020H3','+86 901 488 6312');
INSERT INTO Telefonos_Medico(RFC,Telefono) VALUES ('CRUP790208XL7','+86 337 147 2710');
INSERT INTO Telefonos_Medico(RFC,Telefono) VALUES ('GJYP041103RH9','+86 554 670 0676');
INSERT INTO Telefonos_Medico(RFC,Telefono) VALUES ('RGZF260220177','+994 710 836 5410');
INSERT INTO Telefonos_Medico(RFC,Telefono) VALUES ('MNAN471009610','+7 773 794 6305');
INSERT INTO Telefonos_Medico(RFC,Telefono) VALUES ('MOLL781103Q37','+57 758 779 7043');
INSERT INTO Telefonos_Medico(RFC,Telefono) VALUES ('WLGU890915367','+358 780 487 9429');
INSERT INTO Telefonos_Medico(RFC,Telefono) VALUES ('BUBQ780209C42','+62 339 989 5569');
INSERT INTO Telefonos_Medico(RFC,Telefono) VALUES ('XYET0310076Z8','+62 232 203 2450');
INSERT INTO Telefonos_Medico(RFC,Telefono) VALUES ('MFKP771216N17','+62 349 811 9416');
INSERT INTO Telefonos_Medico(RFC,Telefono) VALUES ('PCFQ950407596','+86 373 195 1294');
INSERT INTO Telefonos_Medico(RFC,Telefono) VALUES ('FGSG700414BQ6','+63 954 669 0320');
INSERT INTO Telefonos_Medico(RFC,Telefono) VALUES ('ROJP2905026N0','+62 581 878 8037');
INSERT INTO Telefonos_Medico(RFC,Telefono) VALUES ('CZUX221106020','+48 660 857 7647');
INSERT INTO Telefonos_Medico(RFC,Telefono) VALUES ('ZFIN031204839','+31 717 699 4650');
INSERT INTO Telefonos_Medico(RFC,Telefono) VALUES ('OFVW890201441','+505 753 980 6241');
INSERT INTO Telefonos_Medico(RFC,Telefono) VALUES ('CRUP790208XL7','+380 792 112 9394');
INSERT INTO Telefonos_Medico(RFC,Telefono) VALUES ('NIAH2312012Z2','+62 211 333 3577');


